id,tags,part
b1_2007_11_05,,
b1_2008_06_01,,
b1_2008_06_02,"생물의특성,호르몬과항상성",
b1_2008_06_03,,
b1_2008_06_04,,
b1_2008_06_05,생물의특성,
b1_2008_06_06,생물의특성,
b1_2008_06_07,생물의특성,
b1_2008_06_08,자율신경,
b1_2008_06_09,,
b1_2008_06_10,근수축,
b1_2008_06_11,,
b1_2008_06_12,,
b1_2008_06_13,,
b1_2008_06_14,,
b1_2008_06_16,,
b1_2008_06_17,호르몬과항상성,
b1_2008_06_18,"생물의특성,유전",
b1_2008_06_19,"생물의특성,뉴런과흥분전도",
b1_2008_06_20,,
b1_2008_09_01,,
b1_2008_09_02,생물의특성,
b1_2008_09_03,,
b1_2008_09_04,호르몬과항상성,
b1_2008_09_05,,
b1_2008_09_06,,
b1_2008_09_07,,
b1_2008_09_08,,
b1_2008_09_09,호르몬과항상성,
b1_2008_09_10,뉴런과흥분전도,
b1_2008_09_11,호르몬과항상성,
b1_2008_09_12,,
b1_2008_09_13,,
b1_2008_09_14,생물의특성,
b1_2008_09_15,유전,
b1_2008_09_16,염색체,
b1_2008_09_17,혈액형,
b1_2008_09_18,염색체,
b1_2008_09_19,,
b1_2008_09_20,물질순환과에너지흐름,
b1_2008_11_01,,
b1_2008_11_09,,
b1_2008_11_10,뉴런과흥분전도,
b1_2008_11_19,"생물의특성,가계도분석,유전",
b1_2009_11_02,,
b1_2009_11_03,,
b1_2009_11_06,"대사성질환,방어작용,유전",
b1_2010_09_01,세포호흡과광합성,
b1_2010_09_03,"시냅스,호르몬과항상성",
b1_2010_09_04,,
b1_2010_09_06,"대사성질환,방어작용,유전",
b1_2010_09_07,"생물의특성,뉴런과흥분전도,시냅스",
b1_2010_09_08,"생물의특성,방어작용,유전",
b1_2010_09_12,염색체,
b1_2010_09_16,"세포호흡과광합성,대사성질환",
b1_2010_09_19,"세포주기와분열,염색체",
b1_2010_11_08,"생물의특성,세포주기와분열,염색체",
b1_2010_11_11,뉴런과흥분전도,
b1_2010_11_13,,
b1_2011_11_01,,
b1_2011_11_03,"세포호흡과광합성,호르몬과항상성",
b1_2011_11_06,,
b1_2011_11_09,호르몬과항상성,
b1_2011_11_11,뉴런과흥분전도,
b1_2011_11_13,"뉴런과흥분전도,시냅스,자율신경",
b1_2012_06_05,,
b1_2012_06_06,혈액형,
b1_2012_06_10,"뉴런과흥분전도,시냅스",
b1_2012_06_19,대사성질환,
b1_2012_09_01,,
b1_2012_09_03,세포호흡과광합성,
b1_2012_09_04,"혈액형,염색체",
b1_2012_09_06,,
b1_2012_09_09,"세포호흡과광합성,뉴런과흥분전도,시냅스",
b1_2012_09_10,,
b1_2012_09_18,"생물의특성,염색체,반성유전",
b1_2013_06_03,,
b1_2013_06_06,근수축,
b1_2013_06_09,,
b1_2013_06_12,"뉴런과흥분전도,시냅스,근수축",
b1_2013_06_13,"자율신경,호르몬과항상성",
b1_2013_06_18,"세포주기와분열,염색체,반성유전,돌연변이",
b1_2013_09_01,유전,
b1_2013_09_04,혈액형,
b1_2013_09_06,,
b1_2013_09_08,,
b1_2013_09_13,,
b1_2013_09_15,생물의특성,
b1_2013_09_20,세포주기와분열,
b1_2013_11_11,생물의특성,
b1_2014_06_04,"세포호흡과광합성,기관계,대사성질환",
b1_2014_06_06,세포주기와분열,
b1_2014_06_07,근수축,
b1_2014_06_15,개체군,
b1_2014_06_18,"군집,생물다양성,유전",
b1_2014_09_01,생물의특성,
b1_2014_11_11,생물의특성,
b1_2015_06_02,,
b1_2015_09_07,세포주기와분열,
b1_2015_09_09,,
b1_2015_09_11,"뉴런과흥분전도,근수축",
b1_2015_11_08,방어작용,
b1_2015_11_12,기관계,
b1_2016_09_19,"군집,생물다양성,유전",
b1_2016_11_03,"세포주기와분열,돌연변이,유전",
b1_2016_11_04,"생물의특성,방어작용",
b1_2017_06_13,"생물의특성,세포호흡과광합성",
b1_2017_11_03,근수축,
b1_2018_09_12,"세포주기와분열,염색체,DNA상대량,돌연변이,유전",
b1_2019_06_01,,
b1_2019_06_04,,
b1_2019_06_05,세포호흡과광합성,
b1_2019_06_06,"염색체,반성유전,돌연변이",
b1_2019_06_07,"세포주기와분열,염색체",
b1_2019_06_08,,
b1_2019_06_10,"혈액형,가계도분석,돌연변이,유전",
b1_2019_06_11,,
b1_2019_06_13,"뉴런과흥분전도,시냅스,자율신경",
b1_2019_06_14,"대사성질환,호르몬과항상성",
b1_2019_06_15,"생물의특성,염색체,DNA상대량,돌연변이,유전",
b1_2019_06_16,"대사성질환,방어작용",
b1_2019_06_17,"생물의특성,뉴런과흥분전도",
b1_2019_06_18,"개체군,군집",
b1_2019_06_20,"세포호흡과광합성,군집",
b1_2019_09_01,세포호흡과광합성,
b1_2019_09_04,뉴런과흥분전도,
b1_2019_09_05,세포호흡과광합성,
b1_2019_09_06,생물다양성,
b1_2019_09_07,,
b1_2019_09_08,"뉴런과흥분전도,자율신경",
b1_2019_09_09,"염색체,DNA상대량,돌연변이,유전",
b1_2019_09_10,"대사성질환,방어작용,유전",
b1_2019_09_11,근수축,
b1_2019_09_12,,
b1_2019_09_14,"돌연변이,개체군",
b1_2019_09_15,뉴런과흥분전도,
b1_2019_09_16,"염색체,DNA상대량,돌연변이,유전",
b1_2019_09_18,"염색체,DNA상대량,돌연변이,유전",
b1_2019_09_19,"생물의특성,DNA상대량,가계도분석,돌연변이,유전",
b1_2019_09_20,,
b1_2019_11_01,,
b1_2019_11_02,,
b1_2019_11_03,세포호흡과광합성,
b1_2019_11_04,,
b1_2019_11_05,"생물의특성,세포주기와분열,염색체,돌연변이",
b1_2019_11_06,호르몬과항상성,
b1_2019_11_07,생물의특성,
b1_2019_11_08,"세포주기와분열,돌연변이,유전",
b1_2019_11_09,근수축,
b1_2019_11_10,"방어작용,유전",
b1_2019_11_12,"시냅스,자율신경",
b1_2019_11_13,"세포주기와분열,염색체,DNA상대량,반성유전,돌연변이",
b1_2019_11_14,"돌연변이,군집",
b1_2019_11_15,"생물의특성,뉴런과흥분전도",
b1_2019_11_16,"돌연변이,유전",
b1_2019_11_17,"염색체,DNA상대량,가계도분석,돌연변이,유전",
b1_2019_11_18,군집,
b1_2019_11_19,"혈액형,가계도분석,돌연변이,유전",
b1_2019_11_20,군집,
b1_2020_06_01,,
b1_2020_06_02,,
b1_2020_06_03,"세포호흡과광합성,호르몬과항상성,가계도분석",
b1_2020_06_04,,
b1_2020_06_05,"염색체,돌연변이,유전",
b1_2020_06_06,기관계,
b1_2020_06_07,"대사성질환,호르몬과항상성",
b1_2020_06_08,"염색체,반성유전,돌연변이,유전",
b1_2020_06_09,방어작용,
b1_2020_06_10,"세포주기와분열,염색체,다인자유전,가계도분석,돌연변이",
b1_2020_06_11,"생물의특성,뉴런과흥분전도,자율신경",
b1_2020_06_12,생물의특성,
b1_2020_06_13,,
b1_2020_06_14,"생물의특성,뉴런과흥분전도",
b1_2020_06_16,"세포주기와분열,염색체,DNA상대량,돌연변이,유전",
b1_2020_06_18,물질순환과에너지흐름,
b1_2020_06_19,"염색체,DNA상대량,반성유전,가계도분석,돌연변이",
b1_2020_06_20,,
b1_2020_09_02,가계도분석,
b1_2020_09_03,"세포주기와분열,DNA상대량,돌연변이,유전",
b1_2020_09_05,"세포호흡과광합성,기관계",
b1_2020_09_07,"대사성질환,호르몬과항상성",
b1_2020_09_08,,
b1_2020_09_09,"생물의특성,뉴런과흥분전도,시냅스,근수축,자율신경",
b1_2020_09_10,"대사성질환,방어작용,유전",
b1_2020_09_11,"개체군,군집",
b1_2020_09_12,"세포주기와분열,염색체",
b1_2020_09_13,"염색체,돌연변이,유전",
b1_2020_09_15,"염색체,DNA상대량,돌연변이,유전",
b1_2020_09_16,"생물의특성,뉴런과흥분전도",
b1_2020_09_19,"염색체,DNA상대량,가계도분석,돌연변이,유전",
b1_2020_11_03,"세포주기와분열,염색체,돌연변이,유전",
b1_2020_11_04,,
b1_2020_11_05,염색체,
b1_2020_11_07,"DNA상대량,돌연변이,유전",
b1_2020_11_08,"대사성질환,호르몬과항상성",
b1_2020_11_09,뉴런과흥분전도,
b1_2020_11_10,"기관계,호르몬과항상성",
b1_2020_11_11,"대사성질환,방어작용",
b1_2020_11_14,근수축,
b1_2020_11_15,"생물의특성,뉴런과흥분전도",
b1_2020_11_16,"개체군,군집",
b1_2020_11_17,"염색체,DNA상대량,반성유전,가계도분석,돌연변이",
b1_2020_11_18,군집,
b1_2020_11_20,,
b1_2021_06_02,세포호흡과광합성,
b1_2021_06_03,"뉴런과흥분전도,자율신경",
b1_2021_06_04,"생물의특성,뉴런과흥분전도,시냅스",
b1_2021_06_05,"생물의특성,근수축,호르몬과항상성",
b1_2021_06_06,,
b1_2021_06_08,"대사성질환,호르몬과항상성",
b1_2021_06_09,"세포주기와분열,염색체,돌연변이",
b1_2021_06_10,"세포주기와분열,염색체",
b1_2021_06_12,"대사성질환,호르몬과항상성",
b1_2021_06_13,"세포호흡과광합성,근수축",
b1_2021_06_14,"염색체,돌연변이,유전",
b1_2021_06_16,"생물의특성,염색체,DNA상대량,반성유전,가계도분석",
b1_2021_06_17,"염색체,DNA상대량,가계도분석,돌연변이,유전",
b1_2021_06_19,"생물의특성,DNA상대량,돌연변이,유전",
b1_2021_06_20,유전,
b1_2021_09_02,"세포호흡과광합성,기관계",
b1_2021_09_03,호르몬과항상성,
b1_2021_09_04,대사성질환,
b1_2021_09_06,"세포주기와분열,염색체",
b1_2021_09_07,"대사성질환,자율신경,호르몬과항상성",
b1_2021_09_08,"대사성질환,호르몬과항상성",
b1_2021_09_09,"개체군,군집",
b1_2021_09_10,"생물의특성,뉴런과흥분전도",
b1_2021_09_12,방어작용,
b1_2021_09_13,세포주기와분열,
b1_2021_09_14,군집,
b1_2021_09_15,근수축,
b1_2021_09_16,"시냅스,자율신경",
b1_2021_09_18,"생물의특성,염색체,DNA상대량,돌연변이,유전",
b1_2021_09_19,"염색체,반성유전,가계도분석,돌연변이,유전",
b1_2021_09_20,물질순환과에너지흐름,
b1_2021_11_01,"생물의특성,세포호흡과광합성,기관계",
b1_2021_11_02,대사성질환,
b1_2021_11_04,"시냅스,자율신경",
b1_2021_11_05,,
b1_2021_11_06,"세포주기와분열,염색체,반성유전,돌연변이",
b1_2021_11_07,"대사성질환,호르몬과항상성",
b1_2021_11_08,"대사성질환,호르몬과항상성",
b1_2021_11_09,"세포주기와분열,염색체",
b1_2021_11_10,"염색체,DNA상대량,돌연변이,유전",
b1_2021_11_11,뉴런과흥분전도,
b1_2021_11_15,"염색체,반성유전,가계도분석,돌연변이,유전",
b1_2021_11_16,근수축,
b1_2021_11_17,"생물의특성,염색체,DNA상대량,가계도분석,돌연변이",
b1_2021_11_19,"대사성질환,호르몬과항상성,유전",
b1_2022_06_03,세포주기와분열,
b1_2022_06_04,,
b1_2022_06_06,,
b1_2022_06_07,"생물의특성,뉴런과흥분전도,시냅스,자율신경",
b1_2022_06_08,"세포호흡과광합성,근수축",
b1_2022_06_09,"대사성질환,호르몬과항상성",
b1_2022_06_10,"대사성질환,방어작용,유전",
b1_2022_06_11,"생물의특성,뉴런과흥분전도",
b1_2022_06_12,호르몬과항상성,
b1_2022_06_13,물질순환과에너지흐름,
b1_2022_06_15,"생물의특성,염색체,DNA상대량,돌연변이,유전",
b1_2022_06_17,"염색체,DNA상대량,반성유전,가계도분석,돌연변이",
b1_2022_06_19,"염색체,DNA상대량,돌연변이,유전",
b1_2022_06_20,,
b1_2022_09_01,방어작용,
b1_2022_09_02,"뉴런과흥분전도,자율신경",
b1_2022_09_05,"대사성질환,호르몬과항상성",
b1_2022_09_06,,
b1_2022_09_07,"세포호흡과광합성,대사성질환",
b1_2022_09_09,근수축,
b1_2022_09_11,개체군,
b1_2022_09_13,"생물의특성,호르몬과항상성",
b1_2022_09_14,"염색체,반성유전,돌연변이",
b1_2022_09_16,"생물의특성,뉴런과흥분전도,시냅스",
b1_2022_09_17,"염색체,DNA상대량,가계도분석,돌연변이,유전",
b1_2022_09_20,개체군,
b1_2022_11_01,생물의특성,
b1_2022_11_02,"생물의특성,세포호흡과광합성,대사성질환",
b1_2022_11_03,"세포주기와분열,염색체",
b1_2022_11_04,"기관계,자율신경",
b1_2022_11_07,"염색체,DNA상대량,돌연변이,유전",
b1_2022_11_08,"대사성질환,호르몬과항상성",
b1_2022_11_10,,
b1_2022_11_11,"세포주기와분열,염색체,돌연변이",
b1_2022_11_13,근수축,
b1_2022_11_14,"생물의특성,뉴런과흥분전도",
b1_2022_11_15,"생물의특성,호르몬과항상성",
b1_2022_11_16,"염색체,돌연변이,유전",
b1_2022_11_18,"개체군,군집",
b1_2022_11_19,"염색체,DNA상대량,반성유전,가계도분석,돌연변이",
b1_2022_11_20,"개체군,군집",
b1_2023_06_01,"생물의특성,세포호흡과광합성,유전",
b1_2023_06_02,"세포호흡과광합성,기관계,근수축",
b1_2023_06_04,"세포주기와분열,염색체,돌연변이",
b1_2023_06_05,기관계,
b1_2023_06_09,생물다양성,
b1_2023_06_10,근수축,
b1_2023_06_11,"생물의특성,뉴런과흥분전도",
b1_2023_06_12,방어작용,
b1_2023_06_13,"세포주기와분열,염색체,돌연변이",
b1_2023_06_14,군집,
b1_2023_06_15,"염색체,DNA상대량,돌연변이,유전",
b1_2023_06_16,"대사성질환,호르몬과항상성",
b1_2023_06_17,"생물의특성,염색체,DNA상대량,가계도분석,돌연변이",
b1_2023_09_03,세포호흡과광합성,
b1_2023_09_05,호르몬과항상성,
b1_2023_09_06,세포주기와분열,
b1_2023_09_10,"대사성질환,호르몬과항상성",
b1_2023_09_11,"세포주기와분열,염색체,DNA상대량,돌연변이,유전",
b1_2023_09_13,"생물의특성,뉴런과흥분전도,자율신경",
b1_2023_09_14,방어작용,
b1_2023_09_15,"생물의특성,뉴런과흥분전도",
b1_2023_09_16,"염색체,DNA상대량,반성유전,가계도분석,돌연변이",
b1_2023_09_19,근수축,
b1_2023_09_20,생물의특성,
b1_2023_11_01,생물의특성,
b1_2023_11_05,뉴런과흥분전도,
b1_2023_11_07,"DNA상대량,돌연변이,유전",
b1_2023_11_08,"대사성질환,호르몬과항상성",
b1_2023_11_10,"대사성질환,호르몬과항상성",
b1_2023_11_12,군집,
b1_2023_11_13,근수축,
b1_2023_11_14,"대사성질환,방어작용,유전",
b1_2023_11_15,"생물의특성,뉴런과흥분전도",
b1_2023_11_16,"세포주기와분열,염색체,반성유전,돌연변이",
b1_2023_11_18,,
b1_2023_11_19,"염색체,DNA상대량,가계도분석,돌연변이,유전",
b1_2023_11_20,개체군,
b1_2024_06_01,생물의특성,
b1_2024_06_05,뉴런과흥분전도,
b1_2024_06_06,"세포주기와분열,염색체",
b1_2024_06_07,"생물의특성,대사성질환,호르몬과항상성",
b1_2024_06_09,군집,
b1_2024_06_10,,
b1_2024_06_11,"대사성질환,호르몬과항상성",
b1_2024_06_12,개체군,
b1_2024_06_13,방어작용,
b1_2024_06_14,"염색체,돌연변이,유전",
b1_2024_06_15,근수축,
b1_2024_06_16,"염색체,DNA상대량,반성유전,가계도분석,돌연변이",
b1_2024_06_17,"생물의특성,염색체,DNA상대량,가계도분석,돌연변이",
b1_2024_06_18,개체군,
b1_2024_09_03,"세포주기와분열,염색체,돌연변이",
b1_2024_09_05,"뉴런과흥분전도,자율신경",
b1_2024_09_06,호르몬과항상성,
b1_2024_09_09,"대사성질환,방어작용,유전",
b1_2024_09_10,근수축,
b1_2024_09_11,"염색체,DNA상대량,돌연변이,유전",
b1_2024_09_12,"생물의특성,뉴런과흥분전도,시냅스",
b1_2024_09_15,"세포주기와분열,염색체,반성유전,돌연변이",
b1_2024_09_19,"염색체,DNA상대량,가계도분석,돌연변이,유전",
b1_2024_09_20,군집,
b1_2024_11_04,"세포주기와분열,염색체",
b1_2024_11_05,"대사성질환,유전",
b1_2024_11_06,군집,
b1_2024_11_08,군집,
b1_2024_11_09,"대사성질환,호르몬과항상성",
b1_2024_11_10,"생물의특성,뉴런과흥분전도",
b1_2024_11_11,"염색체,DNA상대량,반성유전,돌연변이,유전",
b1_2024_11_12,근수축,
b1_2024_11_15,"생물의특성,염색체,DNA상대량,돌연변이,유전",
b1_2024_11_19,"염색체,DNA상대량,가계도분석,돌연변이,유전",
b1_2025_06_02,"생물의특성,세포호흡과광합성",
b1_2025_06_03,방어작용,
b1_2025_06_05,"세포주기와분열,염색체",
b1_2025_06_07,"뉴런과흥분전도,자율신경",
b1_2025_06_09,"세포주기와분열,염색체,반성유전,돌연변이",
b1_2025_06_11,"대사성질환,호르몬과항상성",
b1_2025_06_13,근수축,
b1_2025_06_15,"생물의특성,뉴런과흥분전도",
b1_2025_06_16,,
b1_2025_06_19,"염색체,DNA상대량,반성유전,가계도분석,돌연변이",
b1_2025_09_04,,
b1_2025_09_05,개체군,
b1_2025_09_06,"대사성질환,호르몬과항상성",
b1_2025_09_08,"시냅스,자율신경",
b1_2025_09_09,"생물의특성,대사성질환,호르몬과항상성",
b1_2025_09_10,"생물의특성,뉴런과흥분전도,시냅스",
b1_2025_09_11,근수축,
b1_2025_09_12,,
b1_2025_09_13,"세포주기와분열,염색체,반성유전,돌연변이",
b1_2025_09_17,"염색체,DNA상대량,반성유전,가계도분석,돌연변이",
b1_2025_09_20,,
b1_2025_11_01,"생물의특성,유전",
b1_2025_11_02,대사성질환,
b1_2025_11_04,,
b1_2025_11_05,호르몬과항상성,
b1_2025_11_06,생물의특성,
b1_2025_11_07,방어작용,
b1_2025_11_08,"세포주기와분열,염색체",
b1_2025_11_10,"대사성질환,호르몬과항상성",
b1_2025_11_12,"생물의특성,뉴런과흥분전도,시냅스",
b1_2025_11_13,근수축,
b1_2025_11_14,"생물의특성,염색체,DNA상대량,돌연변이,유전",
b1_2025_11_15,"염색체,돌연변이,유전",
b1_2025_11_16,군집,
b1_2025_11_18,"염색체,DNA상대량,반성유전,돌연변이,유전",
b1_2025_11_19,"염색체,DNA상대량,가계도분석,돌연변이,유전",
b1_2026_06_01,생물의특성,
b1_2026_06_03,"세포주기와분열,염색체",
b1_2026_06_04,세포호흡과광합성,
b1_2026_06_05,호르몬과항상성,
b1_2026_06_08,"대사성질환,호르몬과항상성",
b1_2026_06_09,"호르몬과항상성,유전",
b1_2026_06_10,뉴런과흥분전도,
b1_2026_06_12,개체군,
b1_2026_06_13,"생물의특성,뉴런과흥분전도,시냅스",
b1_2026_06_15,근수축,
b1_2026_06_18,"염색체,반성유전,돌연변이,유전",
b1_2026_06_19,"염색체,DNA상대량,반성유전,가계도분석,돌연변이",
b1_2026_06_20,군집,
b1_2026_09_01,생물의특성,
b1_2026_09_02,대사성질환,
b1_2026_09_04,"시냅스,자율신경",
b1_2026_09_05,"돌연변이,유전",
b1_2026_09_09,생물의특성,
b1_2026_09_10,"세포주기와분열,염색체,DNA상대량,돌연변이",
b1_2026_09_12,개체군,
b1_2026_09_13,"대사성질환,방어작용,유전",
b1_2026_09_14,근수축,
b1_2026_09_15,"생물의특성,뉴런과흥분전도",
b1_2026_09_16,"염색체,DNA상대량,반성유전,돌연변이,유전",
b1_2026_09_18,"염색체,돌연변이,유전",
b1_2026_09_19,"혈액형,염색체,DNA상대량,가계도분석,돌연변이",
b1_2026_11_01,생물의특성,
b1_2026_11_03,"뉴런과흥분전도,자율신경",
b1_2026_11_05,"세포주기와분열,염색체",
b1_2026_11_06,군집,
b1_2026_11_07,"대사성질환,호르몬과항상성",
b1_2026_11_10,"대사성질환,호르몬과항상성",
b1_2026_11_12,개체군,
b1_2026_11_13,"생물의특성,뉴런과흥분전도,시냅스",
b1_2026_11_15,근수축,
b1_2026_11_19,"염색체,DNA상대량,반성유전,가계도분석,돌연변이",
b1_2026_11_20,기관계,
b1_2027_06_01,생물의특성,
b1_2027_06_02,,
b1_2027_06_04,"생물의특성,세포호흡과광합성,근수축,호르몬과항상성",
b1_2027_06_05,,
b1_2027_06_08,"대사성질환,방어작용",
b1_2027_06_09,"생물의특성,뉴런과흥분전도,자율신경",
b1_2027_06_10,"대사성질환,호르몬과항상성",
b1_2027_06_11,"대사성질환,호르몬과항상성",
b1_2027_06_13,"생물의특성,뉴런과흥분전도,시냅스",
b1_2027_06_14,"염색체,DNA상대량,반성유전,돌연변이,유전",
b1_2027_06_15,"염색체,DNA상대량,반성유전,가계도분석,돌연변이",
b1_2027_06_18,"염색체,돌연변이,유전",
b1_2027_06_19,근수축,
b1_2027_06_20,호르몬과항상성,
b2_2007_11_05,세포호흡과광합성,
b2_2007_11_11,유전,
b2_2007_11_17,세포호흡과광합성,
b2_2008_06_02,"생물의특성,세포호흡과광합성",
b2_2008_06_03,,
b2_2008_06_04,"세포호흡과광합성,호르몬과항상성",
b2_2008_06_05,세포호흡과광합성,
b2_2008_06_06,"세포주기와분열,염색체,반성유전,유전",
b2_2008_06_07,"염색체,유전",
b2_2008_06_09,,
b2_2008_06_10,,
b2_2008_06_11,생물의특성,
b2_2008_06_12,세포호흡과광합성,
b2_2008_06_13,"생물의특성,세포호흡과광합성,근수축",
b2_2008_06_14,세포호흡과광합성,
b2_2008_06_15,생물의특성,
b2_2008_06_16,"생물의특성,세포호흡과광합성",
b2_2008_06_17,유전,
b2_2008_06_18,세포호흡과광합성,
b2_2008_06_19,,
b2_2008_06_20,돌연변이,
b2_2008_09_01,,
b2_2008_09_02,,
b2_2008_09_03,,
b2_2008_09_04,,
b2_2008_09_06,,
b2_2008_09_07,세포호흡과광합성,
b2_2008_09_08,생물의특성,
b2_2008_09_09,"생물의특성,유전",
b2_2008_09_10,,
b2_2008_09_11,세포호흡과광합성,
b2_2008_09_12,,
b2_2008_09_13,,
b2_2008_09_14,,
b2_2008_09_15,유전,
b2_2008_09_16,유전,
b2_2008_09_17,,
b2_2008_09_18,,
b2_2008_09_19,세포호흡과광합성,
b2_2008_09_20,세포호흡과광합성,
b2_2008_11_16,"염색체,유전",
b2_2009_11_11,세포호흡과광합성,
b2_2009_11_16,"세포주기와분열,유전",
b2_2010_09_01,,
b2_2010_09_11,,
b2_2010_09_12,,
b2_2010_09_14,"세포주기와분열,염색체,돌연변이",
b2_2010_09_18,유전,
b2_2010_09_19,유전,
b2_2010_11_01,,
b2_2011_09_05,세포호흡과광합성,
b2_2011_09_06,,
b2_2011_09_14,,
b2_2011_11_01,,
b2_2011_11_05,세포호흡과광합성,
b2_2011_11_06,,
b2_2011_11_08,생물의특성,
b2_2012_06_01,,
b2_2012_06_04,,
b2_2012_06_06,,
b2_2012_06_07,염색체,
b2_2012_06_13,세포호흡과광합성,
b2_2012_09_09,"세포주기와분열,유전",
b2_2012_09_12,세포호흡과광합성,
b2_2013_06_09,세포호흡과광합성,
b2_2013_06_12,생물의특성,
b2_2013_06_16,유전,
b2_2013_06_17,"생물의특성,세포호흡과광합성",
b2_2013_09_07,"생물의특성,돌연변이,유전",
b2_2013_11_17,세포호흡과광합성,
b2_2014_06_02,세포호흡과광합성,
b2_2014_06_12,,
b2_2014_06_15,,
b2_2014_06_16,"생물의특성,세포호흡과광합성",
b2_2014_09_11,유전,
b2_2014_09_12,,
b2_2014_11_03,,
b2_2014_11_05,,
b2_2014_11_13,유전,
b2_2014_11_19,세포호흡과광합성,
b2_2015_09_01,세포호흡과광합성,
b2_2015_11_06,,
b2_2015_11_15,세포호흡과광합성,
b2_2016_09_17,"생물의특성,돌연변이,유전",
b2_2016_11_08,세포호흡과광합성,
b2_2017_06_06,호르몬과항상성,
b2_2018_06_05,,
b2_2018_11_09,"세포호흡과광합성,유전",
b2_2019_06_01,,
b2_2019_06_02,,
b2_2019_06_03,세포호흡과광합성,
b2_2019_06_05,,
b2_2019_06_06,,
b2_2019_06_07,호르몬과항상성,
b2_2019_06_08,,
b2_2019_06_09,세포호흡과광합성,
b2_2019_06_11,세포호흡과광합성,
b2_2019_06_12,유전,
b2_2019_06_13,,
b2_2019_06_14,돌연변이,
b2_2019_06_16,유전,
b2_2019_06_18,유전,
b2_2019_09_02,세포호흡과광합성,
b2_2019_09_03,세포호흡과광합성,
b2_2019_09_04,호르몬과항상성,
b2_2019_09_05,세포호흡과광합성,
b2_2019_09_06,세포호흡과광합성,
b2_2019_09_08,세포호흡과광합성,
b2_2019_09_10,돌연변이,
b2_2019_09_11,"돌연변이,유전",
b2_2019_09_12,생물의특성,
b2_2019_09_14,,
b2_2019_09_15,"돌연변이,유전",
b2_2019_09_16,"염색체,유전",
b2_2019_09_17,,
b2_2019_09_18,,
b2_2019_09_19,"돌연변이,유전",
b2_2019_09_20,,
b2_2019_11_01,세포호흡과광합성,
b2_2019_11_02,세포호흡과광합성,
b2_2019_11_03,세포호흡과광합성,
b2_2019_11_04,,
b2_2019_11_05,"근수축,유전",
b2_2019_11_06,세포호흡과광합성,
b2_2019_11_08,"돌연변이,유전",
b2_2019_11_09,세포호흡과광합성,
b2_2019_11_10,돌연변이,
b2_2019_11_11,호르몬과항상성,
b2_2019_11_12,세포호흡과광합성,
b2_2019_11_13,유전,
b2_2019_11_14,,
b2_2019_11_15,,
b2_2019_11_17,생물의특성,
b2_2019_11_19,유전,
b2_2019_11_20,"돌연변이,유전",
b2_2020_06_01,,
b2_2020_06_02,,
b2_2020_06_03,생물의특성,
b2_2020_06_05,세포호흡과광합성,
b2_2020_06_06,세포호흡과광합성,
b2_2020_06_07,,
b2_2020_06_08,세포호흡과광합성,
b2_2020_06_09,세포호흡과광합성,
b2_2020_06_10,,
b2_2020_06_11,"돌연변이,유전",
b2_2020_06_12,,
b2_2020_06_13,,
b2_2020_06_14,세포호흡과광합성,
b2_2020_06_15,세포호흡과광합성,
b2_2020_06_16,돌연변이,
b2_2020_06_18,"돌연변이,유전",
b2_2020_06_19,"돌연변이,유전",
b2_2020_06_20,세포호흡과광합성,
b2_2020_09_03,,
b2_2020_09_04,,
b2_2020_09_05,,
b2_2020_09_06,,
b2_2020_09_07,,
b2_2020_09_08,,
b2_2020_09_10,세포호흡과광합성,
b2_2020_09_11,"DNA상대량,돌연변이",
b2_2020_09_12,"돌연변이,유전",
b2_2020_09_13,돌연변이,
b2_2020_09_14,세포호흡과광합성,
b2_2020_09_15,"돌연변이,유전",
b2_2020_09_16,,
b2_2020_09_19,,
b2_2020_09_20,,
b2_2020_11_01,세포호흡과광합성,
b2_2020_11_04,,
b2_2020_11_06,,
b2_2020_11_07,,
b2_2020_11_09,생물의특성,
b2_2020_11_11,돌연변이,
b2_2020_11_12,세포호흡과광합성,
b2_2020_11_13,근수축,
b2_2020_11_14,,
b2_2020_11_16,,
b2_2020_11_17,"돌연변이,유전",
b2_2020_11_18,세포호흡과광합성,
b2_2020_11_20,"돌연변이,유전",
b2_2021_06_01,,
b2_2021_06_02,,
b2_2021_06_03,,
b2_2021_06_05,세포호흡과광합성,
b2_2021_06_07,세포호흡과광합성,
b2_2021_06_09,세포호흡과광합성,
b2_2021_06_10,,
b2_2021_06_11,세포호흡과광합성,
b2_2021_06_12,세포호흡과광합성,
b2_2021_06_14,"세포호흡과광합성,근수축",
b2_2021_06_15,세포호흡과광합성,
b2_2021_06_16,"DNA상대량,돌연변이",
b2_2021_06_18,세포호흡과광합성,
b2_2021_06_19,염색체,
b2_2021_06_20,돌연변이,
b2_2021_09_01,,
b2_2021_09_08,세포호흡과광합성,
b2_2021_09_09,돌연변이,
b2_2021_09_10,세포호흡과광합성,
b2_2021_09_11,"생물의특성,유전",
b2_2021_09_13,돌연변이,
b2_2021_09_14,"돌연변이,유전",
b2_2021_09_15,세포호흡과광합성,
b2_2021_09_16,"돌연변이,유전",
b2_2021_09_17,,
b2_2021_09_18,"돌연변이,유전",
b2_2021_09_20,"염색체,유전",
b2_2021_11_01,세포호흡과광합성,
b2_2021_11_03,,
b2_2021_11_05,,
b2_2021_11_06,방어작용,
b2_2021_11_07,,
b2_2021_11_09,,
b2_2021_11_10,"세포호흡과광합성,근수축",
b2_2021_11_11,,
b2_2021_11_12,세포호흡과광합성,
b2_2021_11_13,유전,
b2_2021_11_15,유전,
b2_2021_11_17,돌연변이,
b2_2021_11_18,"돌연변이,유전",
b2_2022_06_03,,
b2_2022_06_06,세포호흡과광합성,
b2_2022_06_07,,
b2_2022_06_08,,
b2_2022_06_09,세포호흡과광합성,
b2_2022_06_10,세포호흡과광합성,
b2_2022_06_11,,
b2_2022_06_12,세포호흡과광합성,
b2_2022_06_13,근수축,
b2_2022_06_15,세포호흡과광합성,
b2_2022_06_17,"돌연변이,유전",
b2_2022_06_18,세포호흡과광합성,
b2_2022_06_20,"돌연변이,유전",
b2_2022_09_01,,
b2_2022_09_03,,
b2_2022_09_04,,
b2_2022_09_05,,
b2_2022_09_06,,
b2_2022_09_08,,
b2_2022_09_10,,
b2_2022_09_12,"돌연변이,유전",
b2_2022_09_14,"생물의특성,돌연변이,유전",
b2_2022_09_15,세포호흡과광합성,
b2_2022_09_18,"돌연변이,유전",
b2_2022_09_19,"염색체,돌연변이,유전",
b2_2022_11_03,호르몬과항상성,
b2_2022_11_05,,
b2_2022_11_07,세포호흡과광합성,
b2_2022_11_09,세포호흡과광합성,
b2_2022_11_10,유전,
b2_2022_11_12,,
b2_2022_11_15,,
b2_2022_11_18,"돌연변이,유전",
b2_2022_11_19,세포호흡과광합성,
b2_2023_06_01,,
b2_2023_06_02,"염색체,유전",
b2_2023_06_05,세포호흡과광합성,
b2_2023_06_06,세포호흡과광합성,
b2_2023_06_08,,
b2_2023_06_12,돌연변이,
b2_2023_06_13,,
b2_2023_06_15,세포호흡과광합성,
b2_2023_06_17,,
b2_2023_06_18,"돌연변이,유전",
b2_2023_06_19,근수축,
b2_2023_06_20,"돌연변이,유전",
b2_2023_11_01,생물의특성,
b2_2023_11_03,세포호흡과광합성,
b2_2023_11_04,호르몬과항상성,
b2_2023_11_05,"돌연변이,유전",
b2_2023_11_09,세포호흡과광합성,
b2_2023_11_13,세포호흡과광합성,
b2_2023_11_14,유전,
b2_2023_11_15,,
b2_2023_11_18,"돌연변이,유전",
b2_2023_11_19,세포호흡과광합성,
b2_2023_11_20,돌연변이,
b2_2024_06_01,,
b2_2024_06_05,호르몬과항상성,
b2_2024_06_06,세포호흡과광합성,
b2_2024_06_07,,
b2_2024_06_08,세포호흡과광합성,
b2_2024_06_09,세포호흡과광합성,
b2_2024_06_10,세포호흡과광합성,
b2_2024_06_11,유전,
b2_2024_06_13,,
b2_2024_06_14,세포호흡과광합성,
b2_2024_06_16,세포호흡과광합성,
b2_2024_06_17,"돌연변이,유전",
b2_2024_06_18,근수축,
b2_2024_06_19,돌연변이,
b2_2024_06_20,"돌연변이,유전",
b2_2024_09_06,,
b2_2024_09_07,세포호흡과광합성,
b2_2024_09_09,세포호흡과광합성,
b2_2024_09_10,세포호흡과광합성,
b2_2024_09_11,생물의특성,
b2_2024_09_12,세포호흡과광합성,
b2_2024_09_15,돌연변이,
b2_2024_09_16,,
b2_2024_09_17,유전,
b2_2024_09_18,"돌연변이,유전",
b2_2024_11_01,"세포호흡과광합성,유전",
b2_2024_11_03,,
b2_2024_11_04,,
b2_2024_11_07,세포호흡과광합성,
b2_2024_11_08,세포호흡과광합성,
b2_2024_11_09,,
b2_2024_11_10,세포호흡과광합성,
b2_2024_11_11,돌연변이,
b2_2024_11_16,,
b2_2024_11_17,"돌연변이,유전",
b2_2024_11_19,유전,
b2_2025_06_01,유전,
b2_2025_06_03,,
b2_2025_06_05,,
b2_2025_06_09,돌연변이,
b2_2025_06_10,세포호흡과광합성,
b2_2025_06_11,유전,
b2_2025_06_12,세포호흡과광합성,
b2_2025_06_14,,
b2_2025_06_15,,
b2_2025_06_16,세포호흡과광합성,
b2_2025_06_17,"돌연변이,유전",
b2_2025_06_18,세포호흡과광합성,
b2_2025_06_19,세포호흡과광합성,
b2_2025_06_20,유전,
b2_2025_09_03,,
b2_2025_09_05,호르몬과항상성,
b2_2025_09_06,세포호흡과광합성,
b2_2025_09_08,방어작용,
b2_2025_09_10,세포호흡과광합성,
b2_2025_09_11,,
b2_2025_09_12,"생물의특성,유전",
b2_2025_09_17,돌연변이,
b2_2025_09_18,세포호흡과광합성,
b2_2025_09_19,"돌연변이,유전",
b2_2025_09_20,세포호흡과광합성,
b2_2025_11_04,,
b2_2025_11_05,"생물의특성,유전",
b2_2025_11_08,세포호흡과광합성,
b2_2025_11_09,돌연변이,
b2_2025_11_10,세포호흡과광합성,
b2_2025_11_13,세포호흡과광합성,
b2_2025_11_14,,
b2_2025_11_15,유전,
b2_2025_11_17,세포호흡과광합성,
b2_2025_11_18,"돌연변이,유전",
b2_2025_11_20,,
b2_2026_06_01,유전,
b2_2026_06_06,,
b2_2026_06_07,,
b2_2026_06_08,세포호흡과광합성,
b2_2026_06_09,세포호흡과광합성,
b2_2026_06_10,세포호흡과광합성,
b2_2026_06_11,"근수축,유전",
b2_2026_06_12,세포호흡과광합성,
b2_2026_06_13,,
b2_2026_06_14,세포호흡과광합성,
b2_2026_06_15,돌연변이,
b2_2026_06_16,세포호흡과광합성,
b2_2026_06_17,"돌연변이,유전",
b2_2026_06_18,근수축,
b2_2026_06_20,"돌연변이,유전",
b2_2026_09_04,"생물의특성,유전",
b2_2026_09_06,세포호흡과광합성,
b2_2026_09_08,,
b2_2026_09_09,세포호흡과광합성,
b2_2026_09_12,,
b2_2026_09_13,세포호흡과광합성,
b2_2026_09_15,유전,
b2_2026_09_17,세포호흡과광합성,
b2_2026_09_18,"돌연변이,유전",
b2_2026_09_20,,
b2_2026_11_03,,
b2_2026_11_04,유전,
b2_2026_11_06,돌연변이,
b2_2026_11_16,,
b2_2026_11_17,세포호흡과광합성,
b2_2026_11_18,"돌연변이,유전",
b2_2026_11_20,,
b2_2027_06_04,세포호흡과광합성,
b2_2027_06_05,호르몬과항상성,
b2_2027_06_06,,
b2_2027_06_08,세포호흡과광합성,
b2_2027_06_10,세포호흡과광합성,
b2_2027_06_11,세포호흡과광합성,
b2_2027_06_12,,
b2_2027_06_13,"돌연변이,유전",
b2_2027_06_15,유전,
b2_2027_06_16,세포호흡과광합성,
b2_2027_06_17,"돌연변이,유전",
b2_2027_06_18,세포호흡과광합성,
b2_2027_06_20,,
c1_2007_11_01,,
c1_2007_11_13,주기율표와주기성,
c1_2008_06_01,,
c1_2008_06_03,,
c1_2008_06_04,"용액의농도,산화환원반응",
c1_2008_06_05,산화환원반응,
c1_2008_06_06,산화환원반응,
c1_2008_06_07,,
c1_2008_06_08,,
c1_2008_06_09,,
c1_2008_06_10,,
c1_2008_06_12,,
c1_2008_06_13,,
c1_2008_06_14,"용액의농도,주기율표와주기성,물의자동이온화",
c1_2008_06_15,주기율표와주기성,
c1_2008_06_16,,
c1_2008_06_18,용액의농도,
c1_2008_09_01,,
c1_2008_09_02,,
c1_2008_09_03,,
c1_2008_09_04,,
c1_2008_09_05,"용액의농도,주기율표와주기성",
c1_2008_09_06,,
c1_2008_09_07,,
c1_2008_09_08,,
c1_2008_09_10,분자의구조,
c1_2008_09_11,산화환원반응,
c1_2008_09_12,,
c1_2008_09_13,,
c1_2008_09_14,,
c1_2008_09_15,용액의농도,
c1_2008_09_16,,
c1_2008_09_17,,
c1_2008_09_18,,
c1_2008_09_19,산화환원반응,
c1_2008_09_20,용액의농도,
c1_2008_11_01,,
c1_2008_11_02,,
c1_2008_11_03,"산화환원반응,반응속도",
c1_2008_11_09,"용액의농도,결합의극성,산화환원반응",
c1_2008_11_19,,
c1_2009_11_01,,
c1_2009_11_03,용액의농도,
c1_2009_11_05,"산화환원반응,반응속도",
c1_2009_11_20,"용액의농도,산화환원반응",
c1_2010_09_10,"용액의농도,산화환원반응",
c1_2010_09_18,"용액의농도,산화환원반응",
c1_2010_11_01,,
c1_2010_11_02,,
c1_2010_11_15,"용액의농도,화학반응식",
c1_2011_09_01,,
c1_2011_09_04,용액의농도,
c1_2011_09_06,,
c1_2011_11_01,,
c1_2011_11_06,,
c1_2012_06_05,,
c1_2012_06_17,,
c1_2012_09_03,,
c1_2013_06_02,결합의극성,
c1_2013_06_05,용액의농도,
c1_2013_06_07,산화환원반응,
c1_2013_06_08,,
c1_2013_06_18,"용액의농도,산화환원반응",
c1_2013_09_01,주기율표와주기성,
c1_2013_09_05,"용액의농도,산화환원반응",
c1_2013_11_01,,
c1_2014_06_07,몰과양적관계,
c1_2014_06_08,"몰과양적관계,원자모형과전자배치,이온화에너지",
c1_2014_09_02,"주기율표와주기성,동위원소",
c1_2014_09_05,화학반응식,
c1_2015_06_08,,
c1_2015_06_11,,
c1_2015_06_12,,
c1_2015_09_06,주기율표와주기성,
c1_2015_11_16,,
c1_2016_09_02,,
c1_2016_09_04,,
c1_2016_09_10,"몰과양적관계,주기율표와주기성",
c1_2017_06_18,"몰과양적관계,주기율표와주기성",
c1_2017_09_10,,
c1_2018_09_02,주기율표와주기성,
c1_2018_09_17,"몰과양적관계,주기율표와주기성",
c1_2018_11_06,분자의구조,
c1_2019_06_01,주기율표와주기성,
c1_2019_06_02,산화환원반응,
c1_2019_06_03,,
c1_2019_06_06,"주기율표와주기성,전기음성도,산화환원반응",
c1_2019_06_07,"공유결합,결합의극성,분자의구조",
c1_2019_06_08,"주기율표와주기성,이온결합,화학반응식",
c1_2019_06_09,"공유결합,결합의극성,분자의구조",
c1_2019_06_10,주기율표와주기성,
c1_2019_06_11,원자모형과전자배치,
c1_2019_06_13,"원자모형과전자배치,주기율표와주기성,원자반지름,전기음성도",
c1_2019_06_15,"몰과양적관계,화학반응식",
c1_2019_06_17,"원자모형과전자배치,주기율표와주기성,이온화에너지,원자반지름",
c1_2019_06_18,용액의농도,
c1_2019_09_02,몰과양적관계,
c1_2019_09_03,화학반응식,
c1_2019_09_05,"원자모형과전자배치,주기율표와주기성",
c1_2019_09_06,"주기율표와주기성,결합의극성,루이스전자점식",
c1_2019_09_08,"주기율표와주기성,이온결합,공유결합",
c1_2019_09_09,"공유결합,결합의극성",
c1_2019_09_11,"원자모형과전자배치,원자반지름",
c1_2019_09_13,주기율표와주기성,
c1_2019_09_15,,
c1_2019_09_18,"용액의농도,중화반응,물의자동이온화",
c1_2019_09_19,"몰과양적관계,화학반응식",
c1_2019_09_20,"용액의농도,산화환원반응",
c1_2019_11_02,"결합의극성,루이스전자점식,분자의구조",
c1_2019_11_03,원자모형과전자배치,
c1_2019_11_05,,
c1_2019_11_08,,
c1_2019_11_10,"몰과양적관계,원자모형과전자배치,이온화에너지",
c1_2019_11_11,"주기율표와주기성,이온결합,공유결합",
c1_2019_11_12,주기율표와주기성,
c1_2019_11_13,"원자모형과전자배치,주기율표와주기성,원자반지름,전기음성도",
c1_2019_11_14,,
c1_2019_11_15,"주기율표와주기성,이온화에너지",
c1_2019_11_18,"몰과양적관계,화학반응식",
c1_2019_11_20,"용액의농도,중화반응,물의자동이온화",
c1_2020_06_04,"몰과양적관계,공유결합",
c1_2020_06_05,"원자모형과전자배치,주기율표와주기성",
c1_2020_06_06,"공유결합,결합의극성,루이스전자점식,분자의구조",
c1_2020_06_07,"주기율표와주기성,동위원소",
c1_2020_06_08,루이스전자점식,
c1_2020_06_09,"주기율표와주기성,공유결합",
c1_2020_06_16,"주기율표와주기성,이온화에너지",
c1_2020_06_18,몰과양적관계,
c1_2020_06_20,"용액의농도,산화환원반응",
c1_2020_09_03,원자모형과전자배치,
c1_2020_09_05,"주기율표와주기성,이온결합,공유결합",
c1_2020_09_07,산화환원반응,
c1_2020_09_08,"원자모형과전자배치,주기율표와주기성,원자반지름,전기음성도",
c1_2020_09_09,"공유결합,결합의극성,분자의구조",
c1_2020_09_10,원자모형과전자배치,
c1_2020_09_11,"주기율표와주기성,공유결합,루이스전자점식",
c1_2020_09_12,"루이스전자점식,화학반응식",
c1_2020_09_14,"주기율표와주기성,이온화에너지",
c1_2020_09_15,"몰과양적관계,주기율표와주기성",
c1_2020_09_17,"몰과양적관계,화학반응식",
c1_2020_09_20,"용액의농도,산화환원반응",
c1_2020_11_02,,
c1_2020_11_04,"주기율표와주기성,공유결합,결합의극성,루이스전자점식",
c1_2020_11_05,"원자모형과전자배치,주기율표와주기성",
c1_2020_11_07,동위원소,
c1_2020_11_09,"주기율표와주기성,산화환원반응",
c1_2020_11_10,"주기율표와주기성,이온화에너지",
c1_2020_11_11,분자의구조,
c1_2020_11_13,"원자모형과전자배치,이온화에너지",
c1_2020_11_14,주기율표와주기성,
c1_2020_11_15,"원자모형과전자배치,주기율표와주기성,이온화에너지,원자반지름,전기음성도",
c1_2020_11_18,"용액의농도,중화반응",
c1_2020_11_20,"몰과양적관계,용액의농도,산화환원반응",
c1_2021_06_01,주기율표와주기성,
c1_2021_06_02,용액의농도,
c1_2021_06_03,공유결합,
c1_2021_06_04,용액의농도,
c1_2021_06_05,"용액의농도,반응엔탈피",
c1_2021_06_06,"결합의극성,분자의구조",
c1_2021_06_09,주기율표와주기성,
c1_2021_06_12,원자모형과전자배치,
c1_2021_06_13,"주기율표와주기성,공유결합,전기음성도,결합의극성",
c1_2021_06_14,"용액의농도,산화환원반응,물의자동이온화",
c1_2021_06_16,"몰과양적관계,동적평형",
c1_2021_06_17,"주기율표와주기성,이온화에너지,원자반지름",
c1_2021_06_19,화학반응식,
c1_2021_06_20,"몰과양적관계,용액의농도,산화환원반응,물의자동이온화",
c1_2021_09_02,"원자모형과전자배치,주기율표와주기성",
c1_2021_09_03,"용액의농도,반응엔탈피",
c1_2021_09_04,"공유결합,결합의극성",
c1_2021_09_07,"몰과양적관계,주기율표와주기성,공유결합,루이스전자점식",
c1_2021_09_08,"주기율표와주기성,이온결합",
c1_2021_09_09,"몰과양적관계,용액의농도,중화반응",
c1_2021_09_10,원자모형과전자배치,
c1_2021_09_11,"몰과양적관계,용액의농도",
c1_2021_09_13,"주기율표와주기성,전기음성도",
c1_2021_09_17,주기율표와주기성,
c1_2021_09_19,"원자모형과전자배치,이온화에너지,원자반지름",
c1_2021_09_20,"몰과양적관계,용액의농도,중화반응",
c1_2021_11_02,,
c1_2021_11_03,원자모형과전자배치,
c1_2021_11_06,"공유결합,결합의극성,분자의구조",
c1_2021_11_09,"주기율표와주기성,공유결합,전기음성도,결합의극성",
c1_2021_11_15,"용액의농도,산화환원반응,물의자동이온화",
c1_2021_11_17,,
c1_2021_11_19,"몰과양적관계,용액의농도,중화반응",
c1_2021_11_20,화학반응식,
c1_2022_06_01,,
c1_2022_06_02,,
c1_2022_06_04,분자의구조,
c1_2022_06_08,"주기율표와주기성,공유결합,화학반응식",
c1_2022_06_16,"원자모형과전자배치,주기율표와주기성,이온화에너지,원자반지름",
c1_2022_06_17,몰과양적관계,
c1_2022_06_19,"몰과양적관계,화학반응식",
c1_2022_06_20,"몰과양적관계,용액의농도,중화반응",
c1_2022_09_01,용액의농도,
c1_2022_09_02,용액의농도,
c1_2022_09_03,"결합의극성,분자의구조",
c1_2022_09_05,"몰과양적관계,동적평형",
c1_2022_09_07,"공유결합,화학반응식",
c1_2022_09_09,"원자모형과전자배치,주기율표와주기성,이온결합",
c1_2022_09_12,"주기율표와주기성,공유결합,루이스전자점식",
c1_2022_11_04,"주기율표와주기성,이온결합",
c1_2022_11_07,"공유결합,결합의극성",
c1_2022_11_08,"주기율표와주기성,공유결합,루이스전자점식",
c1_2022_11_15,"몰과양적관계,용액의농도",
c1_2022_11_17,몰과양적관계,
c1_2023_06_02,"주기율표와주기성,공유결합,전기음성도,결합의극성",
c1_2023_06_03,"주기율표와주기성,공유결합",
c1_2023_06_05,"주기율표와주기성,결합의극성,분자의구조",
c1_2023_06_07,"주기율표와주기성,공유결합,루이스전자점식",
c1_2023_06_19,"몰과양적관계,용액의농도",
c1_2023_09_02,"주기율표와주기성,원자반지름",
c1_2023_09_03,"원자모형과전자배치,주기율표와주기성,이온결합",
c1_2023_09_04,주기율표와주기성,
c1_2023_09_06,"몰과양적관계,용액의농도",
c1_2023_09_09,"용액의농도,주기율표와주기성,산화환원반응",
c1_2023_09_12,용액의농도,
c1_2023_09_14,"몰과양적관계,주기율표와주기성,동위원소",
c1_2023_11_02,"주기율표와주기성,공유결합,루이스전자점식",
c1_2023_11_03,"주기율표와주기성,공유결합",
c1_2023_11_07,"몰과양적관계,동적평형",
c1_2023_11_11,원자모형과전자배치,
c1_2023_11_12,"주기율표와주기성,이온화에너지,원자반지름",
c1_2024_06_02,"주기율표와주기성,이온결합",
c1_2024_06_03,"몰과양적관계,주기율표와주기성",
c1_2024_06_05,"몰과양적관계,동적평형",
c1_2024_06_11,"주기율표와주기성,공유결합,결합의극성,분자의구조",
c1_2024_06_13,"원자모형과전자배치,주기율표와주기성,원자반지름,전기음성도",
c1_2024_06_17,"몰과양적관계,용액의농도,물의자동이온화",
c1_2024_06_18,주기율표와주기성,
c1_2024_06_20,화학반응식,
c1_2024_09_01,,
c1_2024_09_02,"공유결합,금속결합",
c1_2024_09_03,주기율표와주기성,
c1_2024_09_04,결합의극성,
c1_2024_09_05,"몰과양적관계,동적평형",
c1_2024_09_06,"원자모형과전자배치,주기율표와주기성,이온결합",
c1_2024_09_09,"몰과양적관계,용액의농도,주기율표와주기성,산화환원반응",
c1_2024_09_11,"이온화에너지,원자반지름",
c1_2024_09_13,"몰과양적관계,용액의농도",
c1_2024_09_18,주기율표와주기성,
c1_2024_09_19,"용액의농도,물의자동이온화",
c1_2024_11_01,"산화환원반응,반응엔탈피",
c1_2024_11_02,"원자모형과전자배치,주기율표와주기성",
c1_2024_11_03,,
c1_2024_11_04,"산화환원반응,동적평형",
c1_2024_11_05,"원자모형과전자배치,주기율표와주기성,전기음성도",
c1_2024_11_06,"몰과양적관계,주기율표와주기성,공유결합,결합의극성",
c1_2024_11_07,"주기율표와주기성,공유결합,결합의극성",
c1_2024_11_15,"원자모형과전자배치,이온화에너지,원자반지름,전기음성도",
c1_2025_06_01,반응엔탈피,
c1_2025_06_04,"주기율표와주기성,결합의극성,분자의구조",
c1_2025_06_07,"주기율표와주기성,공유결합,결합의극성",
c1_2025_06_10,"원자모형과전자배치,이온화에너지,원자반지름,전기음성도",
c1_2025_06_11,몰과양적관계,
c1_2025_06_12,"용액의농도,주기율표와주기성,산화환원반응",
c1_2025_06_18,주기율표와주기성,
c1_2025_09_01,반응엔탈피,
c1_2025_09_02,"주기율표와주기성,이온결합,화학반응식",
c1_2025_09_03,,
c1_2025_09_04,"용액의농도,공유결합",
c1_2025_09_05,"공유결합,전기음성도,결합의극성",
c1_2025_09_06,동적평형,
c1_2025_09_10,"원자모형과전자배치,이온화에너지,원자반지름",
c1_2025_09_11,"주기율표와주기성,공유결합",
c1_2025_09_12,"원자모형과전자배치,주기율표와주기성",
c1_2025_09_13,"몰과양적관계,용액의농도,중화반응",
c1_2025_09_16,"몰과양적관계,용액의농도",
c1_2025_09_17,"몰과양적관계,용액의농도,물의자동이온화",
c1_2025_09_18,주기율표와주기성,
c1_2025_09_20,화학반응식,
c1_2025_11_01,"용액의농도,중화반응,반응엔탈피",
c1_2025_11_02,"원자모형과전자배치,주기율표와주기성",
c1_2025_11_04,주기율표와주기성,
c1_2025_11_05,동적평형,
c1_2025_11_06,"주기율표와주기성,공유결합,결합의극성,분자의구조",
c1_2025_11_08,"주기율표와주기성,공유결합,전기음성도,결합의극성",
c1_2025_11_12,"주기율표와주기성,동위원소",
c1_2025_11_15,"원자모형과전자배치,이온화에너지,원자반지름",
c1_2025_11_18,"몰과양적관계,용액의농도",
c1_2025_11_19,화학반응식,
c1_2025_11_20,주기율표와주기성,
c1_2026_06_01,반응엔탈피,
c1_2026_06_02,"주기율표와주기성,공유결합,루이스전자점식",
c1_2026_06_03,,
c1_2026_06_04,"몰과양적관계,용액의농도,산화환원반응",
c1_2026_06_05,"주기율표와주기성,이온결합",
c1_2026_06_06,"몰과양적관계,주기율표와주기성,공유결합,결합의극성",
c1_2026_06_07,"주기율표와주기성,전기음성도,결합의극성",
c1_2026_06_09,"몰과양적관계,동적평형",
c1_2026_06_12,"원자모형과전자배치,원자반지름,전기음성도",
c1_2026_06_16,"몰과양적관계,용액의농도,물의자동이온화",
c1_2026_06_20,주기율표와주기성,
c1_2026_09_01,"주기율표와주기성,반응엔탈피",
c1_2026_09_02,결합의극성,
c1_2026_09_03,"주기율표와주기성,공유결합",
c1_2026_09_05,"몰과양적관계,화학반응식",
c1_2026_09_06,"원자모형과전자배치,주기율표와주기성",
c1_2026_09_08,,
c1_2026_09_09,"원자모형과전자배치,이온화에너지,원자반지름,전기음성도",
c1_2026_09_11,"몰과양적관계,주기율표와주기성,동위원소",
c1_2026_09_12,"원자모형과전자배치,주기율표와주기성",
c1_2026_09_14,"몰과양적관계,용액의농도",
c1_2026_09_15,이온화에너지,
c1_2026_09_18,,
c1_2026_11_01,반응엔탈피,
c1_2026_11_03,"원자모형과전자배치,주기율표와주기성,공유결합",
c1_2026_11_04,"원자모형과전자배치,주기율표와주기성",
c1_2026_11_05,"몰과양적관계,동적평형",
c1_2026_11_06,"주기율표와주기성,공유결합,전기음성도,결합의극성",
c1_2026_11_09,"원자모형과전자배치,주기율표와주기성",
c1_2026_11_11,"몰과양적관계,용액의농도",
c1_2026_11_13,"원자모형과전자배치,이온화에너지,원자반지름",
c1_2026_11_16,"몰과양적관계,용액의농도,물의자동이온화",
c1_2026_11_18,화학반응식,
c1_2027_06_01,,
c1_2027_06_02,"원자모형과전자배치,주기율표와주기성",
c1_2027_06_05,"몰과양적관계,동적평형",
c1_2027_06_06,"주기율표와주기성,결합의극성",
c1_2027_06_07,"주기율표와주기성,전기음성도,분자의구조",
c1_2027_06_09,,
c1_2027_06_12,이온화에너지,
c1_2027_06_13,"원자모형과전자배치,이온화에너지,원자반지름",
c1_2027_06_15,"몰과양적관계,용액의농도,중화반응",
c1_2027_06_16,"몰과양적관계,용액의농도,주기율표와주기성,산화환원반응",
c1_2027_06_18,,
c2_2007_11_09,,
c2_2008_06_03,,
c2_2008_06_04,"공유결합,분자의구조",
c2_2008_06_05,,
c2_2008_06_07,몰과양적관계,
c2_2008_06_08,"몰과양적관계,원자모형과전자배치,이온화에너지",
c2_2008_06_09,"몰과양적관계,용액의농도",
c2_2008_06_10,용액의농도,
c2_2008_06_11,,
c2_2008_06_12,"몰과양적관계,용액의농도",
c2_2008_06_13,결합의극성,
c2_2008_06_16,동위원소,
c2_2008_06_17,원자반지름,
c2_2008_06_18,,
c2_2008_06_19,몰과양적관계,
c2_2008_06_20,용액의농도,
c2_2008_09_01,"주기율표와주기성,동위원소",
c2_2008_09_02,용액의농도,
c2_2008_09_03,,
c2_2008_09_04,,
c2_2008_09_05,,
c2_2008_09_06,,
c2_2008_09_07,몰과양적관계,
c2_2008_09_08,"원자모형과전자배치,주기율표와주기성",
c2_2008_09_09,"몰과양적관계,반응속도",
c2_2008_09_10,,
c2_2008_09_11,,
c2_2008_09_12,전기음성도,
c2_2008_09_13,,
c2_2008_09_14,반응엔탈피,
c2_2008_09_15,"용액의농도,중화반응,물의자동이온화",
c2_2008_09_16,용액의농도,
c2_2008_09_17,용액의농도,
c2_2008_09_18,용액의농도,
c2_2008_09_19,"산화환원반응,화학반응식",
c2_2008_09_20,몰과양적관계,
c2_2008_11_04,"용액의농도,화학반응식",
c2_2008_11_18,"용액의농도,주기율표와주기성,물의자동이온화",
c2_2009_09_01,,
c2_2009_09_02,,
c2_2009_09_03,,
c2_2009_09_04,,
c2_2009_09_05,,
c2_2009_09_06,,
c2_2009_09_07,,
c2_2009_09_08,,
c2_2009_09_09,,
c2_2009_09_10,,
c2_2009_09_11,,
c2_2009_09_12,,
c2_2009_09_13,,
c2_2009_09_14,,
c2_2009_09_15,,
c2_2009_09_16,,
c2_2009_09_17,물의자동이온화,
c2_2009_09_18,,
c2_2009_09_19,,
c2_2009_09_20,,
c2_2009_11_06,"몰과양적관계,용액의농도",
c2_2009_11_11,,
c2_2010_09_05,용액의농도,
c2_2010_09_11,,
c2_2010_09_12,"몰과양적관계,용액의농도",
c2_2010_09_15,"용액의농도,물의자동이온화",
c2_2011_09_01,몰과양적관계,
c2_2011_09_10,"용액의농도,산화환원반응",
c2_2011_09_11,,
c2_2012_06_02,"주기율표와주기성,공유결합,전기음성도,결합의극성",
c2_2012_06_05,용액의농도,
c2_2012_06_12,"몰과양적관계,원자모형과전자배치",
c2_2012_06_18,,
c2_2012_09_10,"몰과양적관계,용액의농도",
c2_2012_09_17,"몰과양적관계,용액의농도,산화환원반응",
c2_2013_06_15,"몰과양적관계,용액의농도",
c2_2013_09_01,,
c2_2013_09_19,"용액의농도,주기율표와주기성,산화환원반응,물의자동이온화",
c2_2013_11_04,"몰과양적관계,용액의농도",
c2_2014_09_12,"몰과양적관계,산화환원반응",
c2_2015_06_02,,
c2_2015_06_04,,
c2_2015_06_05,,
c2_2015_09_02,반응엔탈피,
c2_2015_09_07,용액의농도,
c2_2015_11_02,반응엔탈피,
c2_2015_11_03,산화환원반응,
c2_2016_09_04,주기율표와주기성,
c2_2016_09_06,,
c2_2017_06_01,반응엔탈피,
c2_2017_06_07,반응엔탈피,
c2_2017_09_01,,
c2_2017_09_03,,
c2_2017_11_05,"몰과양적관계,반응엔탈피",
c2_2018_06_02,,
c2_2018_11_03,"동적평형,반응속도",
c2_2018_11_05,,
c2_2018_11_08,,
c2_2018_11_15,용액의농도,
c2_2019_06_02,,
c2_2019_06_05,,
c2_2019_06_07,,
c2_2019_06_09,,
c2_2019_06_10,몰과양적관계,
c2_2019_06_11,"몰과양적관계,용액의농도",
c2_2019_06_13,"몰과양적관계,화학반응식",
c2_2019_06_14,몰과양적관계,
c2_2019_06_15,,
c2_2019_06_16,"반응엔탈피,화학반응식",
c2_2019_06_17,"몰과양적관계,반응속도,화학반응식",
c2_2019_06_18,화학반응식,
c2_2019_06_19,"몰과양적관계,용액의농도",
c2_2019_09_01,,
c2_2019_09_02,,
c2_2019_09_03,결합의극성,
c2_2019_09_04,반응엔탈피,
c2_2019_09_07,"반응속도,화학반응식",
c2_2019_09_08,"반응엔탈피,화학반응식",
c2_2019_09_10,주기율표와주기성,
c2_2019_09_11,산화환원반응,
c2_2019_09_13,"주기율표와주기성,산화환원반응",
c2_2019_09_14,"몰과양적관계,용액의농도",
c2_2019_09_15,"몰과양적관계,화학반응식",
c2_2019_09_19,"몰과양적관계,화학반응식",
c2_2019_11_03,,
c2_2019_11_04,,
c2_2019_11_05,반응엔탈피,
c2_2019_11_07,"몰과양적관계,용액의농도",
c2_2019_11_08,산화환원반응,
c2_2019_11_11,"몰과양적관계,용액의농도,중화반응,물의자동이온화",
c2_2019_11_12,"반응속도,화학반응식",
c2_2019_11_13,,
c2_2019_11_14,"몰과양적관계,화학반응식",
c2_2019_11_17,"몰과양적관계,화학반응식",
c2_2019_11_18,"몰과양적관계,화학반응식",
c2_2019_11_19,"몰과양적관계,반응속도,화학반응식",
c2_2019_11_20,"몰과양적관계,화학반응식",
c2_2020_06_01,,
c2_2020_06_02,결합의극성,
c2_2020_06_03,,
c2_2020_06_04,,
c2_2020_06_05,"용액의농도,반응엔탈피",
c2_2020_06_06,,
c2_2020_06_08,화학반응식,
c2_2020_06_10,,
c2_2020_06_11,주기율표와주기성,
c2_2020_06_14,"몰과양적관계,용액의농도",
c2_2020_06_15,용액의농도,
c2_2020_06_16,"몰과양적관계,화학반응식",
c2_2020_06_17,화학반응식,
c2_2020_06_18,,
c2_2020_06_19,"몰과양적관계,화학반응식",
c2_2020_06_20,"몰과양적관계,화학반응식",
c2_2020_09_02,,
c2_2020_09_03,,
c2_2020_09_05,반응엔탈피,
c2_2020_09_06,,
c2_2020_09_08,"몰과양적관계,반응엔탈피",
c2_2020_09_09,몰과양적관계,
c2_2020_09_10,,
c2_2020_09_12,용액의농도,
c2_2020_09_13,"주기율표와주기성,산화환원반응",
c2_2020_09_18,화학반응식,
c2_2020_09_20,"몰과양적관계,화학반응식",
c2_2020_11_02,,
c2_2020_11_04,,
c2_2020_11_06,용액의농도,
c2_2020_11_07,"반응엔탈피,화학반응식",
c2_2020_11_08,"산화환원반응,화학반응식",
c2_2020_11_09,,
c2_2020_11_10,"몰과양적관계,용액의농도,화학반응식",
c2_2020_11_11,"몰과양적관계,용액의농도",
c2_2020_11_13,"몰과양적관계,용액의농도",
c2_2020_11_14,"반응속도,화학반응식",
c2_2020_11_15,산화환원반응,
c2_2020_11_17,"용액의농도,물의자동이온화,화학반응식",
c2_2020_11_18,화학반응식,
c2_2020_11_19,"몰과양적관계,화학반응식",
c2_2021_06_03,,
c2_2021_06_05,"몰과양적관계,용액의농도",
c2_2021_06_07,,
c2_2021_06_09,,
c2_2021_06_12,"몰과양적관계,화학반응식",
c2_2021_06_13,용액의농도,
c2_2021_06_15,화학반응식,
c2_2021_06_17,"몰과양적관계,화학반응식",
c2_2021_06_18,"몰과양적관계,용액의농도,화학반응식",
c2_2021_06_19,몰과양적관계,
c2_2021_06_20,"몰과양적관계,화학반응식",
c2_2021_09_02,"반응엔탈피,반응속도,화학반응식",
c2_2021_09_03,,
c2_2021_09_04,"주기율표와주기성,결합의극성",
c2_2021_09_08,"몰과양적관계,화학반응식",
c2_2021_09_09,"몰과양적관계,용액의농도",
c2_2021_09_11,"몰과양적관계,용액의농도,물의자동이온화,화학반응식",
c2_2021_09_12,,
c2_2021_09_14,,
c2_2021_09_15,"용액의농도,물의자동이온화,화학반응식",
c2_2021_09_18,"몰과양적관계,화학반응식",
c2_2021_09_19,"몰과양적관계,화학반응식",
c2_2021_09_20,화학반응식,
c2_2021_11_03,,
c2_2021_11_04,,
c2_2021_11_05,결합의극성,
c2_2021_11_07,산화환원반응,
c2_2021_11_08,,
c2_2021_11_09,"용액의농도,물의자동이온화,화학반응식",
c2_2021_11_12,"반응속도,화학반응식",
c2_2021_11_13,"용액의농도,물의자동이온화",
c2_2021_11_14,"몰과양적관계,용액의농도",
c2_2021_11_16,"몰과양적관계,화학반응식",
c2_2021_11_17,화학반응식,
c2_2021_11_20,화학반응식,
c2_2022_06_01,주기율표와주기성,
c2_2022_06_02,,
c2_2022_06_03,반응엔탈피,
c2_2022_06_09,"몰과양적관계,용액의농도,물의자동이온화",
c2_2022_06_12,,
c2_2022_06_14,화학반응식,
c2_2022_06_16,"몰과양적관계,화학반응식",
c2_2022_06_17,"몰과양적관계,화학반응식",
c2_2022_06_18,화학반응식,
c2_2022_06_20,"몰과양적관계,화학반응식",
c2_2022_09_02,화학반응식,
c2_2022_09_03,"이온결합,공유결합,금속결합",
c2_2022_09_04,,
c2_2022_09_07,"반응속도,화학반응식",
c2_2022_09_08,,
c2_2022_09_09,산화환원반응,
c2_2022_09_12,,
c2_2022_09_16,"몰과양적관계,화학반응식",
c2_2022_09_18,"몰과양적관계,화학반응식",
c2_2022_09_20,화학반응식,
c2_2022_11_02,,
c2_2022_11_04,"몰과양적관계,주기율표와주기성,산화환원반응",
c2_2022_11_08,,
c2_2022_11_11,"몰과양적관계,용액의농도,물의자동이온화,화학반응식",
c2_2022_11_12,"몰과양적관계,화학반응식",
c2_2022_11_13,,
c2_2022_11_15,"용액의농도,물의자동이온화,화학반응식",
c2_2022_11_16,"몰과양적관계,화학반응식",
c2_2022_11_17,"반응속도,화학반응식",
c2_2022_11_18,"몰과양적관계,화학반응식",
c2_2022_11_20,화학반응식,
c2_2023_06_02,,
c2_2023_06_04,,
c2_2023_06_05,용액의농도,
c2_2023_06_07,,
c2_2023_06_08,"반응속도,화학반응식",
c2_2023_06_09,"몰과양적관계,반응엔탈피",
c2_2023_06_10,"몰과양적관계,용액의농도,물의자동이온화",
c2_2023_06_12,"몰과양적관계,용액의농도,물의자동이온화,화학반응식",
c2_2023_06_13,"몰과양적관계,화학반응식",
c2_2023_06_14,"몰과양적관계,용액의농도",
c2_2023_06_15,"몰과양적관계,용액의농도",
c2_2023_06_17,"몰과양적관계,화학반응식",
c2_2023_06_18,화학반응식,
c2_2023_06_19,"반응속도,화학반응식",
c2_2023_06_20,"몰과양적관계,용액의농도,화학반응식",
c2_2023_11_02,금속결합,
c2_2023_11_03,"몰과양적관계,반응엔탈피,반응속도,화학반응식",
c2_2023_11_05,"주기율표와주기성,화학반응식",
c2_2023_11_08,,
c2_2023_11_09,,
c2_2023_11_13,"몰과양적관계,반응엔탈피",
c2_2023_11_14,"몰과양적관계,화학반응식",
c2_2023_11_15,"몰과양적관계,반응속도,화학반응식",
c2_2023_11_16,화학반응식,
c2_2023_11_18,"몰과양적관계,화학반응식",
c2_2023_11_19,"몰과양적관계,반응속도,화학반응식",
c2_2023_11_20,화학반응식,
c2_2024_06_01,,
c2_2024_06_02,결합의극성,
c2_2024_06_03,,
c2_2024_06_04,,
c2_2024_06_08,용액의농도,
c2_2024_06_09,"몰과양적관계,반응엔탈피",
c2_2024_06_10,"반응속도,화학반응식",
c2_2024_06_11,"용액의농도,물의자동이온화,화학반응식",
c2_2024_06_13,,
c2_2024_06_14,"몰과양적관계,화학반응식",
c2_2024_06_18,화학반응식,
c2_2024_06_20,화학반응식,
c2_2024_09_01,산화환원반응,
c2_2024_09_03,,
c2_2024_09_04,금속결합,
c2_2024_09_06,,
c2_2024_09_07,"몰과양적관계,산화환원반응",
c2_2024_09_08,몰과양적관계,
c2_2024_09_09,"몰과양적관계,용액의농도,물의자동이온화",
c2_2024_09_10,"몰과양적관계,반응속도,화학반응식",
c2_2024_09_12,"몰과양적관계,반응엔탈피",
c2_2024_09_13,,
c2_2024_09_14,"반응속도,화학반응식",
c2_2024_09_16,"용액의농도,물의자동이온화,화학반응식",
c2_2024_09_18,,
c2_2024_09_20,"몰과양적관계,화학반응식",
c2_2024_11_01,,
c2_2024_11_02,,
c2_2024_11_03,,
c2_2024_11_05,몰과양적관계,
c2_2024_11_07,"몰과양적관계,화학반응식",
c2_2024_11_09,"몰과양적관계,반응엔탈피",
c2_2024_11_11,"용액의농도,물의자동이온화,화학반응식",
c2_2024_11_12,"몰과양적관계,용액의농도",
c2_2024_11_13,,
c2_2024_11_15,화학반응식,
c2_2024_11_17,"몰과양적관계,화학반응식",
c2_2024_11_18,"용액의농도,물의자동이온화",
c2_2024_11_19,"몰과양적관계,반응속도,화학반응식",
c2_2024_11_20,"몰과양적관계,화학반응식",
c2_2025_06_01,,
c2_2025_06_03,"몰과양적관계,용액의농도",
c2_2025_06_05,,
c2_2025_06_06,화학반응식,
c2_2025_06_07,"몰과양적관계,용액의농도,물의자동이온화,화학반응식",
c2_2025_06_08,,
c2_2025_06_10,"몰과양적관계,반응엔탈피",
c2_2025_06_11,"몰과양적관계,화학반응식",
c2_2025_06_14,"반응속도,화학반응식",
c2_2025_06_15,,
c2_2025_06_18,"몰과양적관계,화학반응식",
c2_2025_06_19,"몰과양적관계,반응속도,화학반응식",
c2_2025_09_02,공유결합,
c2_2025_09_03,"반응엔탈피,반응속도,화학반응식",
c2_2025_09_04,"용액의농도,물의자동이온화",
c2_2025_09_05,"몰과양적관계,화학반응식",
c2_2025_09_08,몰과양적관계,
c2_2025_09_09,용액의농도,
c2_2025_09_10,,
c2_2025_09_12,"몰과양적관계,반응속도,화학반응식",
c2_2025_09_13,,
c2_2025_09_15,"몰과양적관계,화학반응식",
c2_2025_09_16,"용액의농도,물의자동이온화,화학반응식",
c2_2025_09_18,화학반응식,
c2_2025_09_19,"몰과양적관계,반응속도,화학반응식",
c2_2025_09_20,화학반응식,
c2_2025_11_01,반응속도,
c2_2025_11_02,,
c2_2025_11_04,"몰과양적관계,반응엔탈피",
c2_2025_11_05,주기율표와주기성,
c2_2025_11_06,,
c2_2025_11_08,"몰과양적관계,용액의농도",
c2_2025_11_11,,
c2_2025_11_14,"몰과양적관계,화학반응식",
c2_2025_11_15,"몰과양적관계,반응속도,화학반응식",
c2_2025_11_17,"용액의농도,물의자동이온화",
c2_2025_11_19,"몰과양적관계,화학반응식",
c2_2026_06_01,,
c2_2026_06_02,공유결합,
c2_2026_06_03,용액의농도,
c2_2026_06_04,"몰과양적관계,반응엔탈피",
c2_2026_06_07,,
c2_2026_06_08,"몰과양적관계,화학반응식",
c2_2026_06_11,,
c2_2026_06_14,,
c2_2026_06_15,"몰과양적관계,화학반응식",
c2_2026_06_16,몰과양적관계,
c2_2026_06_17,주기율표와주기성,
c2_2026_06_19,"몰과양적관계,반응속도,화학반응식",
c2_2026_06_20,"용액의농도,물의자동이온화",
c2_2026_09_01,산화환원반응,
c2_2026_09_02,,
c2_2026_09_05,"반응속도,화학반응식",
c2_2026_09_07,,
c2_2026_09_10,,
c2_2026_09_11,"몰과양적관계,용액의농도,반응속도,화학반응식",
c2_2026_09_13,,
c2_2026_09_16,"몰과양적관계,반응속도,화학반응식",
c2_2026_09_17,"용액의농도,물의자동이온화",
c2_2026_09_18,"몰과양적관계,용액의농도,화학반응식",
c2_2026_09_19,"몰과양적관계,화학반응식",
c2_2026_11_01,중화반응,
c2_2026_11_02,반응속도,
c2_2026_11_03,,
c2_2026_11_04,"몰과양적관계,반응속도,화학반응식",
c2_2026_11_05,"용액의농도,산화환원반응",
c2_2026_11_06,,
c2_2026_11_07,"몰과양적관계,화학반응식",
c2_2026_11_08,용액의농도,
c2_2026_11_10,몰과양적관계,
c2_2026_11_11,"몰과양적관계,반응엔탈피,화학반응식",
c2_2026_11_13,"몰과양적관계,반응속도,화학반응식",
c2_2026_11_14,,
c2_2026_11_15,"몰과양적관계,화학반응식",
c2_2026_11_16,"몰과양적관계,용액의농도",
c2_2026_11_17,"몰과양적관계,반응속도,화학반응식",
c2_2026_11_18,화학반응식,
c2_2026_11_20,"몰과양적관계,화학반응식",
c2_2027_06_02,,
c2_2027_06_03,결합의극성,
c2_2027_06_04,,
c2_2027_06_05,,
c2_2027_06_07,,
c2_2027_06_08,"용액의농도,화학반응식",
c2_2027_06_09,,
c2_2027_06_10,"몰과양적관계,화학반응식",
c2_2027_06_12,"반응속도,화학반응식",
c2_2027_06_14,"몰과양적관계,화학반응식",
c2_2027_06_15,"몰과양적관계,화학반응식",
c2_2027_06_17,용액의농도,
c2_2027_06_18,"몰과양적관계,반응엔탈피,화학반응식",
c2_2027_06_19,"반응속도,화학반응식",
c2_2027_06_20,화학반응식,
e1_2007_11_02,"판구조론,지질구조",
e1_2007_11_09,기압과날씨,
e1_2007_11_13,,
e1_2007_11_15,,
e1_2007_11_16,기압과날씨,
e1_2008_06_02,,
e1_2008_06_03,판구조론,
e1_2008_06_06,,
e1_2008_06_07,,
e1_2008_06_09,,
e1_2008_06_10,,
e1_2008_06_11,"지사해석,지질시대와화석,판구조론",
e1_2008_06_12,,
e1_2008_06_13,,
e1_2008_06_14,,
e1_2008_06_15,판구조론,
e1_2008_06_16,기압과날씨,
e1_2008_06_17,"화성암,해수의성질",
e1_2008_06_18,해수의성질,
e1_2008_06_19,"기압과날씨,태풍",
e1_2008_06_20,,
e1_2008_09_01,판구조론,
e1_2008_09_02,화성암,
e1_2008_09_03,,
e1_2008_09_04,,
e1_2008_09_05,"지사해석,지질시대와화석",
e1_2008_09_06,지질시대와화석,
e1_2008_09_07,,
e1_2008_09_08,,
e1_2008_09_09,기압과날씨,
e1_2008_09_10,지질시대와화석,
e1_2008_09_11,기압과날씨,
e1_2008_09_12,,
e1_2008_09_13,해수의성질,
e1_2008_09_14,기압과날씨,
e1_2008_09_15,,
e1_2008_09_16,태양활동,
e1_2008_09_17,,
e1_2008_09_18,,
e1_2008_09_19,,
e1_2008_09_20,,
e1_2008_11_04,화성암,
e1_2008_11_09,,
e1_2008_11_10,,
e1_2008_11_15,,
e1_2008_11_16,,
e1_2008_11_20,,
e1_2009_09_01,,
e1_2009_09_02,,
e1_2009_09_03,,
e1_2009_09_04,,
e1_2009_09_05,,
e1_2009_09_06,,
e1_2009_09_07,,
e1_2009_09_08,,
e1_2009_09_09,,
e1_2009_09_10,,
e1_2009_09_11,,
e1_2009_09_12,,
e1_2009_09_13,,
e1_2009_09_15,,
e1_2009_09_16,,
e1_2009_09_17,,
e1_2009_09_18,,
e1_2009_09_19,,
e1_2009_09_20,,
e1_2009_11_01,,
e1_2009_11_17,"판구조론,지질구조",
e1_2009_11_20,,
e1_2010_09_04,화성암,
e1_2010_09_06,"지사해석,지질시대와화석",
e1_2010_09_09,,
e1_2010_09_11,"지질시대와화석,판구조론",
e1_2010_09_15,,
e1_2010_09_16,,
e1_2010_11_02,화성암,
e1_2010_11_11,"지질시대와화석,케플러법칙",
e1_2011_09_05,,
e1_2011_09_06,,
e1_2011_09_14,태양활동,
e1_2011_09_16,"기압과날씨,엘니뇨,대기대순환",
e1_2011_09_17,,
e1_2011_11_01,,
e1_2011_11_04,지질시대와화석,
e1_2011_11_07,,
e1_2011_11_08,판구조론,
e1_2011_11_09,,
e1_2011_11_12,,
e1_2011_11_13,,
e1_2011_11_14,,
e1_2012_06_03,"화성암,해수의성질",
e1_2012_06_05,기압과날씨,
e1_2012_06_14,,
e1_2012_06_19,,
e1_2012_09_01,,
e1_2012_09_03,지질시대와화석,
e1_2012_09_09,"판구조론,지질구조",
e1_2012_09_10,화성암,
e1_2012_09_13,,
e1_2012_09_15,별의물리량,
e1_2013_06_01,,
e1_2013_06_06,"지사해석,지질시대와화석",
e1_2013_06_10,,
e1_2013_06_16,기압과날씨,
e1_2013_06_18,,
e1_2013_06_20,케플러법칙,
e1_2013_09_01,,
e1_2013_09_02,화성암,
e1_2013_09_13,"지사해석,지질시대와화석",
e1_2013_09_14,기압과날씨,
e1_2013_09_19,태양활동,
e1_2013_09_20,,
e1_2013_11_09,"지사해석,지질시대와화석",
e1_2013_11_19,기압과날씨,
e1_2013_11_20,,
e1_2014_06_06,태풍,
e1_2014_06_07,,
e1_2014_06_09,화성암,
e1_2014_06_10,해수의성질,
e1_2014_06_11,,
e1_2014_06_12,,
e1_2014_06_14,우리은하와외부은하,
e1_2014_06_16,,
e1_2014_06_18,기압과날씨,
e1_2014_09_01,,
e1_2014_09_03,,
e1_2014_09_05,대기대순환,
e1_2014_09_06,"화성암,지질구조",
e1_2014_09_09,,
e1_2014_09_13,,
e1_2014_09_15,"기압과날씨,태풍",
e1_2014_09_16,별의물리량,
e1_2014_09_17,,
e1_2014_11_02,,
e1_2014_11_03,,
e1_2014_11_05,화성암,
e1_2014_11_07,별의물리량,
e1_2014_11_08,태양활동,
e1_2014_11_16,외계행성탐사,
e1_2015_06_05,,
e1_2015_06_10,,
e1_2015_06_14,,
e1_2015_06_16,,
e1_2015_06_18,,
e1_2015_06_19,,
e1_2015_09_02,퇴적암과퇴적구조,
e1_2015_09_15,기압과날씨,
e1_2015_09_16,,
e1_2015_09_18,"외계행성탐사,우리은하와외부은하",
e1_2015_09_19,,
e1_2015_09_20,,
e1_2015_11_02,"화성암,지질구조",
e1_2015_11_04,화성암,
e1_2015_11_05,,
e1_2015_11_07,케플러법칙,
e1_2015_11_14,,
e1_2015_11_16,,
e1_2015_11_20,,
e1_2016_09_08,"화성암,지질구조",
e1_2016_09_13,퇴적암과퇴적구조,
e1_2016_09_16,우리은하와외부은하,
e1_2016_11_01,,
e1_2016_11_02,,
e1_2016_11_11,,
e1_2016_11_12,,
e1_2016_11_15,화성암,
e1_2016_11_16,,
e1_2017_06_03,,
e1_2017_06_06,외계행성탐사,
e1_2017_06_08,,
e1_2017_06_16,,
e1_2017_09_01,,
e1_2017_09_05,,
e1_2017_09_08,,
e1_2017_09_09,,
e1_2017_09_11,,
e1_2017_11_01,,
e1_2017_11_02,,
e1_2017_11_04,,
e1_2017_11_06,화성암,
e1_2017_11_07,"지사해석,지질시대와화석",
e1_2017_11_10,별의물리량,
e1_2017_11_14,,
e1_2018_06_01,,
e1_2018_06_04,,
e1_2018_06_08,,
e1_2018_06_09,퇴적암과퇴적구조,
e1_2018_06_12,별의물리량,
e1_2018_09_03,,
e1_2018_09_04,"태풍,별의물리량",
e1_2018_09_10,"외계행성탐사,케플러법칙",
e1_2018_09_11,,
e1_2018_09_19,케플러법칙,
e1_2018_11_07,화성암,
e1_2018_11_09,,
e1_2019_06_02,"화성암,지질시대와화석",
e1_2019_06_03,별의물리량,
e1_2019_06_04,,
e1_2019_06_05,화성암,
e1_2019_06_06,,
e1_2019_06_07,,
e1_2019_06_08,화성암,
e1_2019_06_09,,
e1_2019_06_10,,
e1_2019_06_11,"기압과날씨,태풍",
e1_2019_06_12,별의물리량,
e1_2019_06_13,별의물리량,
e1_2019_06_14,판구조론,
e1_2019_06_15,해수의성질,
e1_2019_06_16,,
e1_2019_06_18,우리은하와외부은하,
e1_2019_06_19,"엘니뇨,대기대순환",
e1_2019_06_20,,
e1_2019_09_02,,
e1_2019_09_03,,
e1_2019_09_04,기압과날씨,
e1_2019_09_05,,
e1_2019_09_06,판구조론,
e1_2019_09_07,별의물리량,
e1_2019_09_08,"화성암,별의물리량",
e1_2019_09_09,,
e1_2019_09_10,"별의물리량,HR도와별의진화,외계행성탐사",
e1_2019_09_12,"기압과날씨,해류와순환",
e1_2019_09_13,"해수의성질,엘니뇨",
e1_2019_09_14,,
e1_2019_09_15,케플러법칙,
e1_2019_09_16,케플러법칙,
e1_2019_09_17,,
e1_2019_09_18,외계행성탐사,
e1_2019_09_19,"태풍,대기대순환",
e1_2019_09_20,,
e1_2019_11_01,,
e1_2019_11_02,,
e1_2019_11_03,,
e1_2019_11_04,,
e1_2019_11_05,,
e1_2019_11_06,지질시대와화석,
e1_2019_11_07,,
e1_2019_11_08,,
e1_2019_11_09,지질구조,
e1_2019_11_10,기압과날씨,
e1_2019_11_11,,
e1_2019_11_12,"해수의성질,해류와순환,엘니뇨",
e1_2019_11_13,"기압과날씨,태풍",
e1_2019_11_14,"기압과날씨,해류와순환,대기대순환,해수순환",
e1_2019_11_15,,
e1_2019_11_16,별의물리량,
e1_2019_11_17,,
e1_2019_11_18,외계행성탐사,
e1_2019_11_19,별의물리량,
e1_2020_06_01,,
e1_2020_06_02,,
e1_2020_06_03,화성암,
e1_2020_06_04,"기압과날씨,태풍,대기대순환",
e1_2020_06_05,"별의물리량,HR도와별의진화",
e1_2020_06_06,별의물리량,
e1_2020_06_07,,
e1_2020_06_08,,
e1_2020_06_09,지질구조,
e1_2020_06_10,화성암,
e1_2020_06_11,,
e1_2020_06_12,별의물리량,
e1_2020_06_13,,
e1_2020_06_14,상대연령과절대연령,
e1_2020_06_15,허블법칙과빅뱅,
e1_2020_06_17,,
e1_2020_06_18,,
e1_2020_06_19,,
e1_2020_06_20,,
e1_2020_09_01,,
e1_2020_09_02,,
e1_2020_09_04,,
e1_2020_09_05,,
e1_2020_09_06,,
e1_2020_09_07,,
e1_2020_09_08,화성암,
e1_2020_09_09,,
e1_2020_09_10,기압과날씨,
e1_2020_09_11,,
e1_2020_09_12,"기압과날씨,태풍",
e1_2020_09_13,별의물리량,
e1_2020_09_14,해수의성질,
e1_2020_09_15,외계행성탐사,
e1_2020_09_16,"기압과날씨,대기대순환",
e1_2020_09_17,,
e1_2020_09_18,케플러법칙,
e1_2020_09_19,"해수의성질,엘니뇨",
e1_2020_09_20,,
e1_2020_11_01,,
e1_2020_11_02,,
e1_2020_11_03,지질시대와화석,
e1_2020_11_04,,
e1_2020_11_05,,
e1_2020_11_06,,
e1_2020_11_07,"기압과날씨,해류와순환,대기대순환,해수순환",
e1_2020_11_08,"화성암,해수의성질",
e1_2020_11_09,"기압과날씨,엘니뇨",
e1_2020_11_10,별의물리량,
e1_2020_11_11,,
e1_2020_11_12,기압과날씨,
e1_2020_11_13,"기압과날씨,태풍",
e1_2020_11_14,해수의성질,
e1_2020_11_15,"별의물리량,HR도와별의진화,외계행성탐사",
e1_2020_11_16,화성암,
e1_2020_11_19,,
e1_2020_11_20,,
e1_2021_06_01,"퇴적암과퇴적구조,지사해석",
e1_2021_06_02,지질구조,
e1_2021_06_03,"별의물리량,HR도와별의진화",
e1_2021_06_04,해수의성질,
e1_2021_06_05,"해류와순환,해수순환",
e1_2021_06_06,화성암,
e1_2021_06_07,판구조론,
e1_2021_06_08,외계행성탐사,
e1_2021_06_09,,
e1_2021_06_10,"해수의성질,해류와순환,해수순환",
e1_2021_06_11,판구조론,
e1_2021_06_12,"별의물리량,HR도와별의진화",
e1_2021_06_13,별의물리량,
e1_2021_06_14,"화성암,지사해석,상대연령과절대연령",
e1_2021_06_15,기압과날씨,
e1_2021_06_16,"허블법칙과빅뱅,암흑물질과암흑에너지",
e1_2021_06_17,"해수의성질,별의물리량,허블법칙과빅뱅",
e1_2021_06_18,"태풍,해수의성질,해류와순환",
e1_2021_06_19,HR도와별의진화,
e1_2021_06_20,"기압과날씨,엘니뇨,별의물리량",
e1_2021_09_02,,
e1_2021_09_03,"별의물리량,HR도와별의진화",
e1_2021_09_04,기압과날씨,
e1_2021_09_05,해수의성질,
e1_2021_09_06,"화성암,상대연령과절대연령",
e1_2021_09_07,"기압과날씨,해류와순환,엘니뇨,대기대순환",
e1_2021_09_08,,
e1_2021_09_09,"화성암,판구조론,지질구조",
e1_2021_09_10,"해류와순환,대기대순환,해수순환",
e1_2021_09_11,"별의물리량,HR도와별의진화",
e1_2021_09_12,"우리은하와외부은하,허블법칙과빅뱅",
e1_2021_09_13,"외계행성탐사,케플러법칙",
e1_2021_09_14,별의물리량,
e1_2021_09_15,별의물리량,
e1_2021_09_16,"해수의성질,해류와순환",
e1_2021_09_17,"별의물리량,허블법칙과빅뱅,암흑물질과암흑에너지",
e1_2021_09_18,"해수의성질,우리은하와외부은하",
e1_2021_09_19,"기압과날씨,해류와순환",
e1_2021_09_20,대륙이동과고지자기,
e1_2021_11_01,판구조론,
e1_2021_11_02,"해수의성질,해류와순환,엘니뇨,대기대순환",
e1_2021_11_03,해수의성질,
e1_2021_11_04,화성암,
e1_2021_11_05,지질시대와화석,
e1_2021_11_06,퇴적암과퇴적구조,
e1_2021_11_07,"별의물리량,허블법칙과빅뱅",
e1_2021_11_08,기압과날씨,
e1_2021_11_10,,
e1_2021_11_11,"태풍,해수의성질",
e1_2021_11_12,대륙이동과고지자기,
e1_2021_11_13,"해수의성질,해류와순환,해수순환",
e1_2021_11_14,"별의물리량,HR도와별의진화",
e1_2021_11_15,"별의물리량,허블법칙과빅뱅,암흑물질과암흑에너지",
e1_2021_11_16,"해수의성질,HR도와별의진화",
e1_2021_11_18,"별의물리량,외계행성탐사",
e1_2021_11_19,"화성암,지사해석,상대연령과절대연령,지질구조",
e1_2021_11_20,"기압과날씨,해수의성질,엘니뇨,별의물리량",
e1_2022_06_01,지질시대와화석,
e1_2022_06_02,"해수의성질,대기대순환",
e1_2022_06_03,"화성암,판구조론",
e1_2022_06_04,판구조론,
e1_2022_06_05,우리은하와외부은하,
e1_2022_06_06,"상대연령과절대연령,판구조론",
e1_2022_06_07,"별의물리량,HR도와별의진화",
e1_2022_06_08,기압과날씨,
e1_2022_06_09,외계행성탐사,
e1_2022_06_10,,
e1_2022_06_11,해류와순환,
e1_2022_06_12,,
e1_2022_06_13,"해수의성질,해류와순환,엘니뇨",
e1_2022_06_14,별의물리량,
e1_2022_06_15,암흑물질과암흑에너지,
e1_2022_06_16,해수의성질,
e1_2022_06_17,"별의물리량,HR도와별의진화",
e1_2022_06_18,"기압과날씨,태풍",
e1_2022_06_19,"별의물리량,우리은하와외부은하,허블법칙과빅뱅",
e1_2022_06_20,"화성암,퇴적암과퇴적구조,지사해석,상대연령과절대연령,지질구조",
e1_2022_09_01,,
e1_2022_09_02,암흑물질과암흑에너지,
e1_2022_09_03,"해수의성질,해류와순환",
e1_2022_09_04,"지사해석,지질구조",
e1_2022_09_05,,
e1_2022_09_07,"기압과날씨,태풍",
e1_2022_09_08,해류와순환,
e1_2022_09_09,"별의물리량,허블법칙과빅뱅",
e1_2022_09_10,기압과날씨,
e1_2022_09_11,"별의물리량,HR도와별의진화",
e1_2022_09_12,해수의성질,
e1_2022_09_13,화성암,
e1_2022_09_15,"해류와순환,대기대순환",
e1_2022_09_16,"별의물리량,허블법칙과빅뱅",
e1_2022_09_17,"화성암,지사해석,상대연령과절대연령",
e1_2022_09_18,외계행성탐사,
e1_2022_09_19,대륙이동과고지자기,
e1_2022_09_20,"기압과날씨,해수의성질,엘니뇨",
e1_2022_11_01,"엘니뇨,대기대순환",
e1_2022_11_02,,
e1_2022_11_03,해수의성질,
e1_2022_11_04,퇴적암과퇴적구조,
e1_2022_11_05,,
e1_2022_11_06,"지사해석,지질시대와화석",
e1_2022_11_07,"해수의성질,별의물리량,허블법칙과빅뱅,암흑물질과암흑에너지",
e1_2022_11_08,"기압과날씨,태풍",
e1_2022_11_09,화성암,
e1_2022_11_10,"기압과날씨,대기대순환",
e1_2022_11_11,HR도와별의진화,
e1_2022_11_12,기압과날씨,
e1_2022_11_14,"해수의성질,엘니뇨",
e1_2022_11_16,"지사해석,지질구조",
e1_2022_11_17,별의물리량,
e1_2022_11_18,"별의물리량,HR도와별의진화",
e1_2022_11_19,대륙이동과고지자기,
e1_2022_11_20,"우리은하와외부은하,허블법칙과빅뱅",
e1_2023_06_01,,
e1_2023_06_02,우리은하와외부은하,
e1_2023_06_03,태양활동,
e1_2023_06_04,해수의성질,
e1_2023_06_05,해수의성질,
e1_2023_06_06,"판구조론,지질구조",
e1_2023_06_08,태풍,
e1_2023_06_09,"지사해석,지질시대와화석,지질구조",
e1_2023_06_10,"별의물리량,허블법칙과빅뱅",
e1_2023_06_11,"해수의성질,해류와순환,해수순환",
e1_2023_06_12,기압과날씨,
e1_2023_06_13,화성암,
e1_2023_06_15,HR도와별의진화,
e1_2023_06_16,"해수의성질,해류와순환,엘니뇨",
e1_2023_06_17,해수의성질,
e1_2023_06_20,외계행성탐사,
e1_2023_11_01,,
e1_2023_11_02,판구조론,
e1_2023_11_03,"화성암,별의물리량,암흑물질과암흑에너지",
e1_2023_11_04,퇴적암과퇴적구조,
e1_2023_11_06,"화성암,판구조론",
e1_2023_11_07,"기압과날씨,태풍",
e1_2023_11_08,기압과날씨,
e1_2023_11_09,해수의성질,
e1_2023_11_10,지질시대와화석,
e1_2023_11_11,"별의물리량,허블법칙과빅뱅",
e1_2023_11_12,해수의성질,
e1_2023_11_13,"해수의성질,별의물리량,HR도와별의진화",
e1_2023_11_14,"해류와순환,대기대순환,해수순환",
e1_2023_11_15,"대륙이동과고지자기,판구조론",
e1_2023_11_17,"기압과날씨,해수의성질,엘니뇨",
e1_2023_11_19,"화성암,지사해석,상대연령과절대연령,지질시대와화석",
e1_2023_11_20,"별의물리량,외계행성탐사",
e1_2024_06_01,"대륙이동과고지자기,판구조론",
e1_2024_06_02,,
e1_2024_06_03,"해류와순환,해수순환",
e1_2024_06_04,퇴적암과퇴적구조,
e1_2024_06_05,"해수의성질,해류와순환,대기대순환",
e1_2024_06_06,화성암,
e1_2024_06_07,화성암,
e1_2024_06_08,해수의성질,
e1_2024_06_09,,
e1_2024_06_10,기압과날씨,
e1_2024_06_11,"지사해석,지질구조",
e1_2024_06_12,"별의물리량,HR도와별의진화",
e1_2024_06_13,"태풍,해수의성질,해류와순환",
e1_2024_06_14,"별의물리량,HR도와별의진화",
e1_2024_06_15,"해수의성질,암흑물질과암흑에너지",
e1_2024_06_16,별의물리량,
e1_2024_06_17,"기압과날씨,해류와순환,엘니뇨,별의물리량",
e1_2024_06_18,"별의물리량,외계행성탐사",
e1_2024_06_19,"화성암,상대연령과절대연령",
e1_2024_06_20,"우리은하와외부은하,허블법칙과빅뱅",
e1_2024_09_01,상대연령과절대연령,
e1_2024_09_02,"해수의성질,별의물리량,HR도와별의진화",
e1_2024_09_03,해수의성질,
e1_2024_09_04,"해수의성질,해류와순환",
e1_2024_09_05,"별의물리량,HR도와별의진화",
e1_2024_09_06,"화성암,판구조론",
e1_2024_09_07,"기압과날씨,태풍",
e1_2024_09_08,"기압과날씨,별의물리량",
e1_2024_09_09,기압과날씨,
e1_2024_09_10,지질시대와화석,
e1_2024_09_11,"별의물리량,허블법칙과빅뱅,암흑물질과암흑에너지",
e1_2024_09_12,판구조론,
e1_2024_09_13,"별의물리량,HR도와별의진화",
e1_2024_09_15,"기압과날씨,해수의성질,엘니뇨",
e1_2024_09_16,,
e1_2024_09_17,지사해석,
e1_2024_09_18,외계행성탐사,
e1_2024_09_19,"우리은하와외부은하,허블법칙과빅뱅",
e1_2024_09_20,"대륙이동과고지자기,판구조론",
e1_2024_11_01,,
e1_2024_11_02,"퇴적암과퇴적구조,지사해석",
e1_2024_11_03,"해수의성질,해류와순환",
e1_2024_11_04,해수의성질,
e1_2024_11_05,화성암,
e1_2024_11_06,기압과날씨,
e1_2024_11_07,"지사해석,지질시대와화석",
e1_2024_11_09,"기압과날씨,태풍,별의물리량",
e1_2024_11_10,"해류와순환,해수순환",
e1_2024_11_11,"화성암,지사해석,상대연령과절대연령,지질시대와화석,지질구조",
e1_2024_11_13,"대륙이동과고지자기,판구조론",
e1_2024_11_14,"별의물리량,허블법칙과빅뱅,암흑물질과암흑에너지",
e1_2024_11_15,별의물리량,
e1_2024_11_17,"기압과날씨,해수의성질,엘니뇨",
e1_2024_11_19,"외계행성탐사,허블법칙과빅뱅",
e1_2024_11_20,대륙이동과고지자기,
e1_2025_06_01,퇴적암과퇴적구조,
e1_2025_06_02,"해류와순환,판구조론",
e1_2025_06_03,별의물리량,
e1_2025_06_04,해수의성질,
e1_2025_06_06,화성암,
e1_2025_06_07,기압과날씨,
e1_2025_06_08,"해류와순환,대기대순환,해수순환",
e1_2025_06_09,별의물리량,
e1_2025_06_10,"기압과날씨,태풍",
e1_2025_06_11,"별의물리량,허블법칙과빅뱅",
e1_2025_06_12,HR도와별의진화,
e1_2025_06_13,,
e1_2025_06_14,,
e1_2025_06_15,"기압과날씨,해수의성질,엘니뇨",
e1_2025_06_16,"해수의성질,암흑물질과암흑에너지",
e1_2025_06_17,대륙이동과고지자기,
e1_2025_06_19,"화성암,지사해석,상대연령과절대연령,지질구조",
e1_2025_06_20,외계행성탐사,
e1_2025_09_01,"퇴적암과퇴적구조,지사해석",
e1_2025_09_02,판구조론,
e1_2025_09_03,화성암,
e1_2025_09_05,해수의성질,
e1_2025_09_06,기압과날씨,
e1_2025_09_07,지질시대와화석,
e1_2025_09_08,"기압과날씨,태풍",
e1_2025_09_09,"별의물리량,외계행성탐사",
e1_2025_09_10,"우리은하와외부은하,허블법칙과빅뱅",
e1_2025_09_11,"해류와순환,대기대순환",
e1_2025_09_12,"기압과날씨,해류와순환,엘니뇨",
e1_2025_09_13,"별의물리량,허블법칙과빅뱅,암흑물질과암흑에너지",
e1_2025_09_14,별의물리량,
e1_2025_09_15,대륙이동과고지자기,
e1_2025_09_16,"별의물리량,HR도와별의진화",
e1_2025_09_19,"화성암,지사해석,상대연령과절대연령,지질구조",
e1_2025_09_20,외계행성탐사,
e1_2025_11_01,"퇴적암과퇴적구조,지사해석",
e1_2025_11_02,해수의성질,
e1_2025_11_03,화성암,
e1_2025_11_04,,
e1_2025_11_05,"별의물리량,HR도와별의진화,우리은하와외부은하",
e1_2025_11_06,"기압과날씨,별의물리량",
e1_2025_11_07,지질시대와화석,
e1_2025_11_08,별의물리량,
e1_2025_11_09,대기대순환,
e1_2025_11_10,"별의물리량,HR도와별의진화",
e1_2025_11_11,대륙이동과고지자기,
e1_2025_11_12,"기압과날씨,해수의성질,해류와순환,엘니뇨",
e1_2025_11_13,"기압과날씨,태풍",
e1_2025_11_15,허블법칙과빅뱅,
e1_2025_11_16,"화성암,지사해석,상대연령과절대연령,지질구조",
e1_2025_11_18,외계행성탐사,
e1_2025_11_19,대륙이동과고지자기,
e1_2026_06_01,,
e1_2026_06_02,"화성암,해수의성질",
e1_2026_06_03,해수의성질,
e1_2026_06_04,별의물리량,
e1_2026_06_05,"해류와순환,엘니뇨,대기대순환,해수순환",
e1_2026_06_06,"기압과날씨,태풍",
e1_2026_06_07,"퇴적암과퇴적구조,지사해석,지질구조",
e1_2026_06_08,"별의물리량,HR도와별의진화,외계행성탐사",
e1_2026_06_09,"대륙이동과고지자기,판구조론",
e1_2026_06_10,"지사해석,지질시대와화석",
e1_2026_06_11,별의물리량,
e1_2026_06_12,"기압과날씨,해수의성질,해류와순환,엘니뇨",
e1_2026_06_13,"별의물리량,HR도와별의진화",
e1_2026_06_16,"별의물리량,HR도와별의진화",
e1_2026_06_17,대륙이동과고지자기,
e1_2026_06_19,외계행성탐사,
e1_2026_06_20,"화성암,상대연령과절대연령",
e1_2026_09_01,지질구조,
e1_2026_09_02,해수의성질,
e1_2026_09_03,"기압과날씨,태풍,엘니뇨,대기대순환",
e1_2026_09_04,"지사해석,지질구조",
e1_2026_09_05,"별의물리량,HR도와별의진화",
e1_2026_09_06,기압과날씨,
e1_2026_09_07,화성암,
e1_2026_09_08,"별의물리량,HR도와별의진화",
e1_2026_09_09,해수의성질,
e1_2026_09_10,"지사해석,지질시대와화석",
e1_2026_09_12,대륙이동과고지자기,
e1_2026_09_13,"해류와순환,대기대순환",
e1_2026_09_14,"해수의성질,HR도와별의진화",
e1_2026_09_15,"기압과날씨,해수의성질,엘니뇨,별의물리량",
e1_2026_09_16,허블법칙과빅뱅,
e1_2026_09_17,별의물리량,
e1_2026_09_19,외계행성탐사,
e1_2026_09_20,"화성암,상대연령과절대연령",
e1_2026_11_01,"해류와순환,해수순환",
e1_2026_11_02,,
e1_2026_11_03,대기대순환,
e1_2026_11_04,"지사해석,지질구조",
e1_2026_11_05,"화성암,판구조론",
e1_2026_11_06,해수의성질,
e1_2026_11_07,기압과날씨,
e1_2026_11_08,"지사해석,지질시대와화석",
e1_2026_11_09,"기압과날씨,태풍",
e1_2026_11_10,"별의물리량,HR도와별의진화",
e1_2026_11_13,"별의물리량,허블법칙과빅뱅",
e1_2026_11_14,,
e1_2026_11_15,"기압과날씨,해수의성질,엘니뇨,별의물리량",
e1_2026_11_16,"해수의성질,별의물리량,허블법칙과빅뱅,암흑물질과암흑에너지",
e1_2026_11_17,대륙이동과고지자기,
e1_2026_11_18,"외계행성탐사,케플러법칙",
e1_2026_11_20,"화성암,지사해석,상대연령과절대연령",
e1_2027_06_01,,
e1_2027_06_02,해수의성질,
e1_2027_06_03,화성암,
e1_2027_06_04,"퇴적암과퇴적구조,지사해석",
e1_2027_06_05,"해수의성질,판구조론",
e1_2027_06_06,기압과날씨,
e1_2027_06_07,"지사해석,지질시대와화석",
e1_2027_06_08,"기압과날씨,태풍",
e1_2027_06_10,HR도와별의진화,
e1_2027_06_11,별의물리량,
e1_2027_06_12,"화성암,해수의성질,암흑물질과암흑에너지",
e1_2027_06_13,대기대순환,
e1_2027_06_15,"기압과날씨,해수의성질,엘니뇨",
e1_2027_06_16,"별의물리량,허블법칙과빅뱅",
e1_2027_06_17,대륙이동과고지자기,
e1_2027_06_20,"화성암,지사해석,상대연령과절대연령",
e2_2007_11_05,"기압과날씨,대기대순환",
e2_2007_11_12,,
e2_2007_11_14,,
e2_2007_11_17,"지사해석,지질시대와화석,지질구조",
e2_2008_06_01,해수의성질,
e2_2008_06_03,대륙이동과고지자기,
e2_2008_06_04,"화성암,판구조론",
e2_2008_06_05,"화성암,해수의성질",
e2_2008_06_06,퇴적암과퇴적구조,
e2_2008_06_07,"판구조론,지질구조",
e2_2008_06_08,해류와순환,
e2_2008_06_11,,
e2_2008_06_12,"해수의성질,해류와순환,해수순환",
e2_2008_06_13,기압과날씨,
e2_2008_06_14,"기압과날씨,대기대순환",
e2_2008_06_15,"기압과날씨,대기대순환,별의물리량",
e2_2008_06_16,해수의성질,
e2_2008_06_17,,
e2_2008_06_18,"해수의성질,해류와순환,엘니뇨,대기대순환",
e2_2008_06_19,"해수의성질,해류와순환,해수순환",
e2_2008_06_20,태풍,
e2_2008_09_01,,
e2_2008_09_02,화성암,
e2_2008_09_03,,
e2_2008_09_04,,
e2_2008_09_05,,
e2_2008_09_06,,
e2_2008_09_07,지사해석,
e2_2008_09_08,기압과날씨,
e2_2008_09_09,,
e2_2008_09_10,,
e2_2008_09_11,"해수의성질,엘니뇨,대기대순환",
e2_2008_09_12,"해수의성질,별의물리량",
e2_2008_09_13,,
e2_2008_09_14,,
e2_2008_09_15,케플러법칙,
e2_2008_09_16,"우리은하와외부은하,허블법칙과빅뱅",
e2_2008_09_18,"지사해석,지질시대와화석",
e2_2008_09_19,,
e2_2008_09_20,지사해석,
e2_2008_11_01,"지사해석,지질시대와화석",
e2_2008_11_12,"지사해석,지질시대와화석",
e2_2008_11_17,,
e2_2009_09_01,,
e2_2009_09_02,,
e2_2009_09_03,,
e2_2009_09_04,,
e2_2009_09_05,,
e2_2009_09_06,,
e2_2009_09_07,,
e2_2009_09_08,,
e2_2009_09_09,,
e2_2009_09_10,,
e2_2009_09_11,,
e2_2009_09_12,,
e2_2009_09_13,,
e2_2009_09_14,,
e2_2009_09_15,,
e2_2009_09_16,,
e2_2009_09_18,,
e2_2009_09_19,,
e2_2009_09_20,,
e2_2009_11_06,,
e2_2009_11_08,,
e2_2009_11_20,,
e2_2010_09_04,지질구조,
e2_2010_09_09,,
e2_2010_09_10,,
e2_2010_09_14,우리은하와외부은하,
e2_2010_09_16,,
e2_2010_09_19,지사해석,
e2_2010_11_01,,
e2_2010_11_05,"화성암,지사해석,지질시대와화석,지질구조",
e2_2011_09_05,,
e2_2011_09_06,"해수의성질,대기대순환,별의물리량",
e2_2011_09_08,,
e2_2011_09_09,해수의성질,
e2_2011_09_10,,
e2_2011_09_11,화성암,
e2_2011_09_14,,
e2_2011_11_06,,
e2_2011_11_08,기압과날씨,
e2_2011_11_20,,
e2_2012_06_06,,
e2_2012_06_09,별의물리량,
e2_2012_06_10,화성암,
e2_2012_06_11,"해수의성질,해류와순환,엘니뇨,대기대순환",
e2_2012_06_17,,
e2_2012_09_04,,
e2_2012_09_07,,
e2_2012_09_10,HR도와별의진화,
e2_2012_09_11,"해수의성질,별의물리량,우리은하와외부은하,허블법칙과빅뱅",
e2_2012_09_20,,
e2_2013_06_09,,
e2_2013_06_10,별의물리량,
e2_2013_06_14,,
e2_2013_06_16,,
e2_2013_09_02,"화성암,판구조론",
e2_2013_09_10,,
e2_2013_09_13,"화성암,지사해석,지질시대와화석",
e2_2013_09_15,,
e2_2013_11_01,화성암,
e2_2013_11_05,기압과날씨,
e2_2013_11_08,허블법칙과빅뱅,
e2_2013_11_15,,
e2_2014_06_04,,
e2_2014_06_09,,
e2_2014_06_11,,
e2_2014_06_12,기압과날씨,
e2_2014_09_03,지질구조,
e2_2014_09_07,"화성암,판구조론",
e2_2014_09_12,,
e2_2014_11_01,지질구조,
e2_2014_11_05,"별의물리량,허블법칙과빅뱅",
e2_2014_11_06,화성암,
e2_2014_11_10,화성암,
e2_2015_06_04,,
e2_2015_06_05,,
e2_2015_06_10,,
e2_2015_06_16,,
e2_2015_06_18,,
e2_2015_09_04,,
e2_2015_09_08,화성암,
e2_2015_09_11,"별의물리량,우리은하와외부은하",
e2_2015_09_13,,
e2_2015_11_01,지질구조,
e2_2015_11_04,,
e2_2015_11_13,,
e2_2015_11_20,,
e2_2016_09_02,"지사해석,지질시대와화석",
e2_2016_09_06,별의물리량,
e2_2016_11_09,,
e2_2016_11_17,,
e2_2017_06_02,"지사해석,지질구조",
e2_2017_06_04,,
e2_2017_06_12,,
e2_2017_06_19,해수의성질,
e2_2017_09_06,,
e2_2017_09_09,,
e2_2017_09_14,,
e2_2017_11_03,"해수의성질,해류와순환",
e2_2017_11_05,우리은하와외부은하,
e2_2017_11_11,"우리은하와외부은하,허블법칙과빅뱅",
e2_2017_11_14,,
e2_2018_06_05,지질구조,
e2_2018_06_14,별의물리량,
e2_2018_06_16,"기압과날씨,해수의성질",
e2_2018_09_02,퇴적암과퇴적구조,
e2_2018_09_03,우리은하와외부은하,
e2_2018_09_10,,
e2_2018_09_18,"우리은하와외부은하,허블법칙과빅뱅",
e2_2018_11_08,허블법칙과빅뱅,
e2_2018_11_12,"별의물리량,우리은하와외부은하",
e2_2018_11_20,"기압과날씨,해수의성질",
e2_2019_06_01,"지사해석,지질시대와화석",
e2_2019_06_02,별의물리량,
e2_2019_06_03,퇴적암과퇴적구조,
e2_2019_06_04,"지사해석,지질시대와화석",
e2_2019_06_05,지질구조,
e2_2019_06_06,"화성암,지사해석,판구조론",
e2_2019_06_07,,
e2_2019_06_08,,
e2_2019_06_09,해수의성질,
e2_2019_06_10,기압과날씨,
e2_2019_06_11,화성암,
e2_2019_06_12,"기압과날씨,해수의성질",
e2_2019_06_13,,
e2_2019_06_14,,
e2_2019_06_15,"대륙이동과고지자기,판구조론",
e2_2019_06_16,화성암,
e2_2019_06_17,,
e2_2019_06_18,,
e2_2019_06_19,지사해석,
e2_2019_06_20,해수의성질,
e2_2019_09_01,,
e2_2019_09_02,상대연령과절대연령,
e2_2019_09_03,,
e2_2019_09_04,화성암,
e2_2019_09_06,"기압과날씨,대기대순환",
e2_2019_09_07,우리은하와외부은하,
e2_2019_09_08,,
e2_2019_09_09,해수의성질,
e2_2019_09_10,해수의성질,
e2_2019_09_11,"지사해석,해수의성질",
e2_2019_09_12,HR도와별의진화,
e2_2019_09_13,"케플러법칙,우리은하와외부은하",
e2_2019_09_14,"기압과날씨,해수의성질",
e2_2019_09_15,"기압과날씨,해수의성질,해류와순환,엘니뇨",
e2_2019_09_16,해수의성질,
e2_2019_09_17,허블법칙과빅뱅,
e2_2019_09_18,별의물리량,
e2_2019_09_19,"지사해석,지질구조",
e2_2019_09_20,대륙이동과고지자기,
e2_2019_11_01,"해수의성질,허블법칙과빅뱅",
e2_2019_11_02,"화성암,지사해석,지질시대와화석",
e2_2019_11_03,"화성암,판구조론",
e2_2019_11_04,해수의성질,
e2_2019_11_05,"화성암,지사해석,상대연령과절대연령",
e2_2019_11_06,"화성암,퇴적암과퇴적구조,지사해석,상대연령과절대연령",
e2_2019_11_07,,
e2_2019_11_08,HR도와별의진화,
e2_2019_11_09,,
e2_2019_11_10,기압과날씨,
e2_2019_11_11,,
e2_2019_11_12,"기압과날씨,해수의성질,엘니뇨,대기대순환",
e2_2019_11_13,우리은하와외부은하,
e2_2019_11_14,기압과날씨,
e2_2019_11_15,허블법칙과빅뱅,
e2_2019_11_16,,
e2_2019_11_17,우리은하와외부은하,
e2_2019_11_18,"외계행성탐사,케플러법칙",
e2_2019_11_19,대륙이동과고지자기,
e2_2019_11_20,,
e2_2020_06_01,퇴적암과퇴적구조,
e2_2020_06_02,해수의성질,
e2_2020_06_03,,
e2_2020_06_04,"지사해석,지질시대와화석",
e2_2020_06_05,,
e2_2020_06_06,판구조론,
e2_2020_06_07,별의물리량,
e2_2020_06_08,,
e2_2020_06_09,화성암,
e2_2020_06_10,해수의성질,
e2_2020_06_11,화성암,
e2_2020_06_12,,
e2_2020_06_13,"기압과날씨,태풍",
e2_2020_06_14,"화성암,지사해석,상대연령과절대연령,지질구조",
e2_2020_06_15,지사해석,
e2_2020_06_16,,
e2_2020_06_17,기압과날씨,
e2_2020_06_18,"지사해석,지질구조",
e2_2020_06_19,"기압과날씨,해수의성질",
e2_2020_06_20,"대륙이동과고지자기,판구조론,지질구조",
e2_2020_09_01,"지사해석,지질시대와화석",
e2_2020_09_02,,
e2_2020_09_03,"퇴적암과퇴적구조,지사해석",
e2_2020_09_04,해수의성질,
e2_2020_09_05,화성암,
e2_2020_09_06,"해수의성질,해류와순환",
e2_2020_09_07,기압과날씨,
e2_2020_09_08,해수의성질,
e2_2020_09_10,,
e2_2020_09_11,"해수의성질,해류와순환",
e2_2020_09_12,"해수의성질,허블법칙과빅뱅,암흑물질과암흑에너지",
e2_2020_09_13,,
e2_2020_09_14,별의물리량,
e2_2020_09_15,"별의물리량,HR도와별의진화,우리은하와외부은하",
e2_2020_09_16,,
e2_2020_09_18,지사해석,
e2_2020_09_19,"지사해석,지질구조",
e2_2020_09_20,"외계행성탐사,케플러법칙,우리은하와외부은하",
e2_2020_11_01,퇴적암과퇴적구조,
e2_2020_11_02,기압과날씨,
e2_2020_11_04,해수의성질,
e2_2020_11_05,기압과날씨,
e2_2020_11_06,화성암,
e2_2020_11_07,우리은하와외부은하,
e2_2020_11_08,허블법칙과빅뱅,
e2_2020_11_09,"해수의성질,해류와순환,엘니뇨",
e2_2020_11_10,,
e2_2020_11_11,,
e2_2020_11_12,"HR도와별의진화,우리은하와외부은하",
e2_2020_11_13,해수의성질,
e2_2020_11_14,"케플러법칙,우리은하와외부은하",
e2_2020_11_15,"해수의성질,별의물리량,허블법칙과빅뱅",
e2_2020_11_16,,
e2_2020_11_17,,
e2_2020_11_18,"화성암,지사해석",
e2_2020_11_19,해수의성질,
e2_2020_11_20,"별의물리량,허블법칙과빅뱅",
e2_2021_06_03,해수의성질,
e2_2021_06_04,,
e2_2021_06_05,"해수의성질,우리은하와외부은하",
e2_2021_06_06,,
e2_2021_06_07,,
e2_2021_06_08,해수의성질,
e2_2021_06_09,,
e2_2021_06_10,,
e2_2021_06_11,,
e2_2021_06_12,판구조론,
e2_2021_06_13,해류와순환,
e2_2021_06_14,,
e2_2021_06_15,,
e2_2021_06_16,,
e2_2021_06_17,화성암,
e2_2021_06_18,,
e2_2021_06_19,"지사해석,지질시대와화석",
e2_2021_06_20,,
e2_2021_09_01,"태풍,대기대순환",
e2_2021_09_03,,
e2_2021_09_04,,
e2_2021_09_05,기압과날씨,
e2_2021_09_06,해수의성질,
e2_2021_09_07,,
e2_2021_09_08,"별의물리량,HR도와별의진화,우리은하와외부은하",
e2_2021_09_09,"화성암,지사해석",
e2_2021_09_10,,
e2_2021_09_11,,
e2_2021_09_12,"별의물리량,우리은하와외부은하",
e2_2021_09_13,해수의성질,
e2_2021_09_14,,
e2_2021_09_15,,
e2_2021_09_16,,
e2_2021_09_17,,
e2_2021_09_18,케플러법칙,
e2_2021_09_19,"외계행성탐사,케플러법칙,우리은하와외부은하",
e2_2021_09_20,기압과날씨,
e2_2021_11_01,,
e2_2021_11_02,,
e2_2021_11_03,화성암,
e2_2021_11_04,"별의물리량,HR도와별의진화,우리은하와외부은하",
e2_2021_11_05,기압과날씨,
e2_2021_11_07,대기대순환,
e2_2021_11_08,"화성암,지사해석",
e2_2021_11_09,"케플러법칙,암흑물질과암흑에너지",
e2_2021_11_10,,
e2_2021_11_11,"지사해석,지질구조",
e2_2021_11_12,해수의성질,
e2_2021_11_13,"외계행성탐사,우리은하와외부은하",
e2_2021_11_14,해수의성질,
e2_2021_11_15,케플러법칙,
e2_2021_11_16,대륙이동과고지자기,
e2_2021_11_17,기압과날씨,
e2_2021_11_19,,
e2_2021_11_20,,
e2_2022_06_01,해수의성질,
e2_2022_06_02,지질구조,
e2_2022_06_03,,
e2_2022_06_04,별의물리량,
e2_2022_06_05,"화성암,지사해석",
e2_2022_06_06,,
e2_2022_06_07,,
e2_2022_06_08,,
e2_2022_06_09,기압과날씨,
e2_2022_06_10,,
e2_2022_06_11,,
e2_2022_06_12,태풍,
e2_2022_06_13,지사해석,
e2_2022_06_14,,
e2_2022_06_15,기압과날씨,
e2_2022_06_16,해수의성질,
e2_2022_06_17,기압과날씨,
e2_2022_06_18,해수의성질,
e2_2022_06_19,해수의성질,
e2_2022_06_20,대기대순환,
e2_2022_09_01,,
e2_2022_09_02,기압과날씨,
e2_2022_09_03,지사해석,
e2_2022_09_04,,
e2_2022_09_05,,
e2_2022_09_07,"우리은하와외부은하,암흑물질과암흑에너지",
e2_2022_09_08,"HR도와별의진화,우리은하와외부은하",
e2_2022_09_09,,
e2_2022_09_10,기압과날씨,
e2_2022_09_11,해수의성질,
e2_2022_09_12,"별의물리량,우리은하와외부은하",
e2_2022_09_13,,
e2_2022_09_14,"외계행성탐사,케플러법칙",
e2_2022_09_15,기압과날씨,
e2_2022_09_16,해수의성질,
e2_2022_09_17,케플러법칙,
e2_2022_09_18,해류와순환,
e2_2022_09_19,,
e2_2022_09_20,,
e2_2022_11_01,,
e2_2022_11_02,,
e2_2022_11_04,케플러법칙,
e2_2022_11_05,대기대순환,
e2_2022_11_07,"별의물리량,HR도와별의진화,우리은하와외부은하",
e2_2022_11_09,,
e2_2022_11_10,케플러법칙,
e2_2022_11_11,지사해석,
e2_2022_11_12,기압과날씨,
e2_2022_11_13,지사해석,
e2_2022_11_14,,
e2_2022_11_15,,
e2_2022_11_16,해수의성질,
e2_2022_11_17,케플러법칙,
e2_2022_11_18,,
e2_2022_11_19,우리은하와외부은하,
e2_2022_11_20,대륙이동과고지자기,
e2_2023_06_01,,
e2_2023_06_02,,
e2_2023_06_03,"화성암,지사해석",
e2_2023_06_04,"화성암,상대연령과절대연령,판구조론",
e2_2023_06_05,,
e2_2023_06_06,,
e2_2023_06_08,,
e2_2023_06_09,해수의성질,
e2_2023_06_10,,
e2_2023_06_11,,
e2_2023_06_12,"화성암,지사해석",
e2_2023_06_14,,
e2_2023_06_15,"지사해석,지질구조",
e2_2023_06_16,,
e2_2023_06_17,기압과날씨,
e2_2023_06_18,대륙이동과고지자기,
e2_2023_06_19,해수의성질,
e2_2023_11_01,,
e2_2023_11_02,,
e2_2023_11_04,,
e2_2023_11_05,화성암,
e2_2023_11_06,"기압과날씨,대기대순환",
e2_2023_11_07,"기압과날씨,해수의성질",
e2_2023_11_08,"별의물리량,HR도와별의진화",
e2_2023_11_09,케플러법칙,
e2_2023_11_10,"지사해석,지질구조",
e2_2023_11_12,,
e2_2023_11_13,해수의성질,
e2_2023_11_14,"케플러법칙,우리은하와외부은하",
e2_2023_11_15,,
e2_2023_11_16,,
e2_2023_11_18,대륙이동과고지자기,
e2_2023_11_19,"기압과날씨,해수의성질",
e2_2023_11_20,별의물리량,
e2_2024_06_01,,
e2_2024_06_02,"해수의성질,우리은하와외부은하",
e2_2024_06_03,,
e2_2024_06_04,,
e2_2024_06_05,지사해석,
e2_2024_06_06,"기압과날씨,대기대순환",
e2_2024_06_07,,
e2_2024_06_08,,
e2_2024_06_09,,
e2_2024_06_10,,
e2_2024_06_11,,
e2_2024_06_12,지질시대와화석,
e2_2024_06_13,"기압과날씨,해수의성질",
e2_2024_06_14,,
e2_2024_06_15,해수의성질,
e2_2024_06_16,,
e2_2024_06_17,해수의성질,
e2_2024_06_18,,
e2_2024_06_19,,
e2_2024_06_20,해수의성질,
e2_2024_09_01,,
e2_2024_09_02,,
e2_2024_09_04,,
e2_2024_09_05,,
e2_2024_09_06,해수의성질,
e2_2024_09_07,지사해석,
e2_2024_09_08,"기압과날씨,대기대순환",
e2_2024_09_10,케플러법칙,
e2_2024_09_11,,
e2_2024_09_12,,
e2_2024_09_13,"해수의성질,케플러법칙,암흑물질과암흑에너지",
e2_2024_09_14,화성암,
e2_2024_09_15,케플러법칙,
e2_2024_09_16,"화성암,지사해석",
e2_2024_09_18,"별의물리량,HR도와별의진화,우리은하와외부은하",
e2_2024_09_19,,
e2_2024_09_20,해수의성질,
e2_2024_11_03,,
e2_2024_11_04,,
e2_2024_11_05,"화성암,상대연령과절대연령",
e2_2024_11_06,해수의성질,
e2_2024_11_07,,
e2_2024_11_08,"지사해석,지질구조",
e2_2024_11_09,대륙이동과고지자기,
e2_2024_11_10,케플러법칙,
e2_2024_11_11,,
e2_2024_11_12,"별의물리량,우리은하와외부은하",
e2_2024_11_13,지질시대와화석,
e2_2024_11_14,,
e2_2024_11_15,,
e2_2024_11_16,우리은하와외부은하,
e2_2024_11_17,기압과날씨,
e2_2024_11_18,케플러법칙,
e2_2024_11_19,해수의성질,
e2_2024_11_20,,
e2_2025_06_01,기압과날씨,
e2_2025_06_02,,
e2_2025_06_03,,
e2_2025_06_04,,
e2_2025_06_05,,
e2_2025_06_06,지질시대와화석,
e2_2025_06_07,대륙이동과고지자기,
e2_2025_06_08,,
e2_2025_06_09,,
e2_2025_06_10,해수의성질,
e2_2025_06_11,화성암,
e2_2025_06_12,,
e2_2025_06_13,,
e2_2025_06_14,해류와순환,
e2_2025_06_15,,
e2_2025_06_16,"기압과날씨,대기대순환",
e2_2025_06_17,"지사해석,지질구조",
e2_2025_06_18,,
e2_2025_06_19,해수의성질,
e2_2025_06_20,기압과날씨,
e2_2025_09_01,,
e2_2025_09_02,,
e2_2025_09_03,,
e2_2025_09_04,,
e2_2025_09_05,,
e2_2025_09_06,,
e2_2025_09_07,해수의성질,
e2_2025_09_08,,
e2_2025_09_09,"지사해석,지질구조",
e2_2025_09_10,,
e2_2025_09_11,해수의성질,
e2_2025_09_12,해수의성질,
e2_2025_09_13,,
e2_2025_09_14,"별의물리량,우리은하와외부은하",
e2_2025_09_15,기압과날씨,
e2_2025_09_16,,
e2_2025_09_18,케플러법칙,
e2_2025_09_19,별의물리량,
e2_2025_09_20,,
e2_2025_11_01,,
e2_2025_11_02,,
e2_2025_11_03,,
e2_2025_11_04,우리은하와외부은하,
e2_2025_11_05,,
e2_2025_11_06,,
e2_2025_11_07,화성암,
e2_2025_11_08,대기대순환,
e2_2025_11_09,케플러법칙,
e2_2025_11_10,기압과날씨,
e2_2025_11_11,,
e2_2025_11_12,,
e2_2025_11_13,해수의성질,
e2_2025_11_14,,
e2_2025_11_15,,
e2_2025_11_17,,
e2_2025_11_18,"해수의성질,해류와순환",
e2_2025_11_19,,
e2_2026_06_01,태풍,
e2_2026_06_02,,
e2_2026_06_03,,
e2_2026_06_04,"화성암,상대연령과절대연령",
e2_2026_06_05,,
e2_2026_06_06,,
e2_2026_06_07,,
e2_2026_06_08,지질시대와화석,
e2_2026_06_09,해수의성질,
e2_2026_06_10,화성암,
e2_2026_06_11,,
e2_2026_06_12,,
e2_2026_06_13,해수의성질,
e2_2026_06_14,"지사해석,지질구조",
e2_2026_06_16,해수의성질,
e2_2026_06_17,해수의성질,
e2_2026_06_19,,
e2_2026_09_01,,
e2_2026_09_02,,
e2_2026_09_03,,
e2_2026_09_04,우리은하와외부은하,
e2_2026_09_05,,
e2_2026_09_06,"퇴적암과퇴적구조,지사해석,지질시대와화석",
e2_2026_09_07,"기압과날씨,대기대순환",
e2_2026_09_08,"HR도와별의진화,우리은하와외부은하",
e2_2026_09_09,,
e2_2026_09_10,,
e2_2026_09_11,,
e2_2026_09_12,암흑물질과암흑에너지,
e2_2026_09_13,,
e2_2026_09_14,,
e2_2026_09_15,,
e2_2026_09_16,,
e2_2026_09_17,"외계행성탐사,케플러법칙",
e2_2026_09_18,,
e2_2026_09_19,해수의성질,
e2_2026_09_20,기압과날씨,
e2_2026_11_01,,
e2_2026_11_03,,
e2_2026_11_04,,
e2_2026_11_05,우리은하와외부은하,
e2_2026_11_07,,
e2_2026_11_08,"기압과날씨,대기대순환",
e2_2026_11_09,"별의물리량,HR도와별의진화,우리은하와외부은하",
e2_2026_11_10,,
e2_2026_11_12,,
e2_2026_11_13,"케플러법칙,허블법칙과빅뱅",
e2_2026_11_14,"지사해석,지질구조",
e2_2026_11_15,기압과날씨,
e2_2026_11_16,,
e2_2026_11_18,,
e2_2026_11_19,케플러법칙,
e2_2027_06_01,,
e2_2027_06_02,해수의성질,
e2_2027_06_03,"기압과날씨,대기대순환",
e2_2027_06_04,,
e2_2027_06_05,,
e2_2027_06_06,태풍,
e2_2027_06_07,,
e2_2027_06_08,지질구조,
e2_2027_06_09,,
e2_2027_06_10,,
e2_2027_06_11,기압과날씨,
e2_2027_06_12,"화성암,지사해석",
e2_2027_06_14,,
e2_2027_06_15,해수의성질,
e2_2027_06_16,대륙이동과고지자기,
e2_2027_06_17,기압과날씨,
e2_2027_06_18,"기압과날씨,해수의성질",
e2_2027_06_19,,
e2_2027_06_20,,
p1_2007_11_01,일과에너지,
p1_2007_11_14,"간섭,파동의성질",
p1_2008_06_01,,
p1_2008_06_02,"마찰력,충돌,충격량,일과에너지,저항과회로",
p1_2008_06_03,,
p1_2008_06_04,"자유낙하,마찰력,빗면,저항과회로",
p1_2008_06_05,"마찰력,일과에너지,역학적에너지보존,저항과회로",
p1_2008_06_06,"마찰력,용수철",
p1_2008_06_07,"자유낙하,마찰력,빗면,용수철,충돌",
p1_2008_06_10,저항과회로,
p1_2008_06_11,"등속직선운동,마찰력,일과에너지,저항과회로",
p1_2008_06_12,"등속직선운동,마찰력,도르래,실연결물체,저항과회로",
p1_2008_06_13,저항과회로,
p1_2008_06_14,저항과회로,
p1_2008_06_15,"마찰력,운동량보존,충돌,일과에너지,저항과회로",
p1_2008_06_16,저항과회로,
p1_2008_06_17,"자기장,직선전류,원형전류",
p1_2008_06_18,저항과회로,
p1_2008_06_19,"자기장,전자기유도",
p1_2008_06_20,"저항과회로,자기장",
p1_2008_09_01,,
p1_2008_09_02,,
p1_2008_09_03,저항과회로,
p1_2008_09_04,"용수철,저항과회로",
p1_2008_09_05,저항과회로,
p1_2008_09_06,"마찰력,용수철",
p1_2008_09_07,"등속직선운동,마찰력,충돌",
p1_2008_09_08,"마찰력,저항과회로",
p1_2008_09_09,"자유낙하,마찰력,빗면,충돌",
p1_2008_09_10,저항과회로,
p1_2008_09_11,저항과회로,
p1_2008_09_12,저항과회로,
p1_2008_09_13,자기장,
p1_2008_09_14,저항과회로,
p1_2008_09_15,자기장,
p1_2008_09_16,,
p1_2008_09_17,"전자기파,간섭",
p1_2008_09_18,,
p1_2008_09_19,파동의성질,
p1_2008_09_20,"일과에너지,광전효과",
p1_2008_11_03,작용반작용,
p1_2008_11_17,"마찰력,도르래,실연결물체,저항과회로",
p1_2009_09_01,,
p1_2009_09_02,,
p1_2009_09_03,,
p1_2009_09_04,,
p1_2009_09_05,,
p1_2009_09_06,,
p1_2009_09_07,,
p1_2009_09_08,,
p1_2009_09_09,,
p1_2009_09_10,,
p1_2009_09_11,,
p1_2009_09_12,,
p1_2009_09_13,,
p1_2009_09_14,,
p1_2009_09_15,,
p1_2009_09_16,,
p1_2009_09_17,,
p1_2009_09_18,,
p1_2009_09_19,,
p1_2009_09_20,,
p1_2009_11_02,작용반작용,
p1_2009_11_07,,
p1_2010_09_01,"등속직선운동,자유낙하",
p1_2010_11_03,작용반작용,
p1_2010_11_18,"운동량보존,자기장,물질파,빛의이중성,파동의성질",
p1_2011_11_01,일과에너지,
p1_2012_06_01,,
p1_2012_06_02,"일과에너지,역학적에너지보존",
p1_2012_06_03,작용반작용,
p1_2012_06_13,"굴절,파동의성질",
p1_2013_06_01,"작용반작용,힘의평형,자기장",
p1_2013_06_14,,
p1_2013_09_07,"자유낙하,마찰력,도르래,저항과회로",
p1_2013_09_09,저항과회로,
p1_2013_11_02,"자유낙하,마찰력,도르래,실연결물체,저항과회로",
p1_2014_06_01,"행성운동,전자기파,파동의성질",
p1_2014_06_06,행성운동,
p1_2014_09_01,,
p1_2014_09_05,,
p1_2014_09_10,"자기장,자성체",
p1_2014_09_17,질량에너지등가,
p1_2014_09_18,,
p1_2014_11_01,,
p1_2015_06_15,,
p1_2015_09_05,전자기유도,
p1_2015_11_01,"저항과회로,전자기파",
p1_2015_11_14,파동의성질,
p1_2016_09_01,"등속직선운동,뉴턴운동법칙",
p1_2016_09_07,"저항과회로,자성체",
p1_2016_09_10,파동의성질,
p1_2016_11_02,전자기파,
p1_2016_11_05,"전자기파,스펙트럼,에너지준위",
p1_2016_11_07,자기장,
p1_2016_11_09,전기력,
p1_2016_11_16,,
p1_2016_11_17,,
p1_2017_06_01,"전자기파,파동의성질",
p1_2017_06_02,"자기장,전자기파",
p1_2017_06_04,"작용반작용,충격량",
p1_2017_06_07,등속직선운동,
p1_2017_06_12,,
p1_2017_06_20,,
p1_2017_09_01,,
p1_2017_09_02,,
p1_2017_09_10,,
p1_2017_09_11,,
p1_2017_09_14,,
p1_2017_09_17,,
p1_2017_11_01,,
p1_2017_11_02,"전자기파,파동의성질",
p1_2017_11_07,,
p1_2017_11_16,"일과에너지,열역학제1법칙,열기관",
p1_2018_06_01,,
p1_2018_06_16,저항과회로,
p1_2018_09_01,"전자기파,스펙트럼,파동의성질",
p1_2018_09_06,점전하,
p1_2018_09_07,등가속도운동,
p1_2018_09_08,"자기장,직선전류",
p1_2018_09_10,전기력,
p1_2018_09_13,파동의성질,
p1_2018_11_01,,
p1_2018_11_02,역학적에너지보존,
p1_2018_11_03,"전자기파,파동의성질",
p1_2018_11_04,전기력,
p1_2018_11_10,"마찰력,빗면,저항과회로,자기장,솔레노이드",
p1_2019_06_01,,
p1_2019_06_02,"전기력,점전하",
p1_2019_06_03,,
p1_2019_06_04,"전자기파,파동의성질",
p1_2019_06_05,전기력,
p1_2019_06_06,"등가속도운동,빗면",
p1_2019_06_07,"등가속도운동,뉴턴운동법칙,마찰력,실연결물체,저항과회로",
p1_2019_06_08,"원자모형,에너지준위",
p1_2019_06_09,등속직선운동,
p1_2019_06_10,"자유낙하,저항과회로,자기장",
p1_2019_06_11,행성운동,
p1_2019_06_12,"등속직선운동,자기장,전자기유도",
p1_2019_06_13,저항과회로,
p1_2019_06_14,"자기장,원형전류",
p1_2019_06_15,"광전효과,파동의성질",
p1_2019_06_16,"일과에너지,열역학제1법칙",
p1_2019_06_17,저항과회로,
p1_2019_06_18,"마찰력,도르래",
p1_2019_06_19,,
p1_2019_06_20,"등가속도운동,자유낙하,마찰력,빗면,실연결물체",
p1_2019_09_01,전자기파,
p1_2019_09_02,,
p1_2019_09_03,"일과에너지,열기관",
p1_2019_09_04,"자유낙하,도르래,실연결물체",
p1_2019_09_05,행성운동,
p1_2019_09_06,등속직선운동,
p1_2019_09_08,점전하,
p1_2019_09_09,"저항과회로,자기장,직선전류",
p1_2019_09_10,"등가속도운동,자유낙하,마찰력,저항과회로,자기장",
p1_2019_09_11,"원자모형,에너지준위,파동의성질",
p1_2019_09_12,"저항과회로,반도체,다이오드",
p1_2019_09_13,,
p1_2019_09_14,광전효과,
p1_2019_09_15,저항과회로,
p1_2019_09_16,"저항과회로,반도체",
p1_2019_09_17,저항과회로,
p1_2019_09_18,"마찰력,저항과회로",
p1_2019_09_19,실연결물체,
p1_2019_09_20,실연결물체,
p1_2019_11_01,전자기파,
p1_2019_11_02,전자기파,
p1_2019_11_04,"저항과회로,자기장,직선전류",
p1_2019_11_05,행성운동,
p1_2019_11_07,"저항과회로,반도체",
p1_2019_11_08,"원자모형,스펙트럼,에너지준위,파동의성질",
p1_2019_11_09,"일과에너지,광전효과",
p1_2019_11_10,점전하,
p1_2019_11_11,"등속직선운동,등가속도운동",
p1_2019_11_12,등속직선운동,
p1_2019_11_14,"자유낙하,마찰력,일과에너지,저항과회로",
p1_2019_11_15,"자기장,원형전류,전자기유도",
p1_2019_11_16,저항과회로,
p1_2019_11_17,"마찰력,열역학제1법칙",
p1_2019_11_18,"등가속도운동,뉴턴운동법칙,마찰력,빗면,실연결물체",
p1_2019_11_19,"마찰력,실연결물체",
p1_2019_11_20,,
p1_2020_06_01,"전자기파,파동의성질",
p1_2020_06_02,"역학적에너지보존,저항과회로,전자기유도",
p1_2020_06_03,점전하,
p1_2020_06_04,,
p1_2020_06_07,"일과에너지,행성운동",
p1_2020_06_08,"마찰력,빗면,저항과회로,자기장,솔레노이드",
p1_2020_06_09,"원자모형,스펙트럼,에너지준위",
p1_2020_06_10,"에너지띠,반도체,다이오드",
p1_2020_06_11,"자기장,직선전류",
p1_2020_06_12,"등속직선운동,행성운동",
p1_2020_06_13,"굴절,전반사,광통신",
p1_2020_06_14,"전기력,점전하",
p1_2020_06_15,"마찰력,저항과회로",
p1_2020_06_16,"마찰력,열역학제1법칙",
p1_2020_06_17,,
p1_2020_06_18,"자유낙하,마찰력,저항과회로",
p1_2020_06_19,"마찰력,빗면,저항과회로",
p1_2020_06_20,,
p1_2020_09_01,,
p1_2020_09_02,전자기파,
p1_2020_09_03,"굴절,전반사,광통신,전자기파,파동의성질",
p1_2020_09_04,"역학적에너지보존,저항과회로",
p1_2020_09_05,"반도체,에너지준위",
p1_2020_09_07,특수상대성이론,
p1_2020_09_08,행성운동,
p1_2020_09_09,"등가속도운동,마찰력,빗면",
p1_2020_09_10,"저항과회로,반도체,다이오드",
p1_2020_09_11,"일과에너지,원자모형,에너지준위,광전효과",
p1_2020_09_12,"전기력,점전하",
p1_2020_09_13,"자기장,전자기유도",
p1_2020_09_14,"자기장,직선전류",
p1_2020_09_15,저항과회로,
p1_2020_09_16,뉴턴운동법칙,
p1_2020_09_17,"마찰력,일과에너지",
p1_2020_09_18,마찰력,
p1_2020_09_19,실연결물체,
p1_2020_09_20,"마찰력,실연결물체",
p1_2020_11_01,"전자기파,파동의성질",
p1_2020_11_03,"에너지띠,반도체",
p1_2020_11_04,전자기유도,
p1_2020_11_05,"자유낙하,저항과회로,자성체",
p1_2020_11_07,점전하,
p1_2020_11_08,행성운동,
p1_2020_11_09,,
p1_2020_11_10,"굴절,전반사,광통신",
p1_2020_11_11,열역학제1법칙,
p1_2020_11_12,"전기력,점전하",
p1_2020_11_13,"자기장,직선전류",
p1_2020_11_14,"마찰력,빗면,역학적에너지보존,저항과회로,솔레노이드",
p1_2020_11_15,저항과회로,
p1_2020_11_16,"등가속도운동,일과에너지",
p1_2020_11_17,"마찰력,빗면,일과에너지,역학적에너지보존,저항과회로",
p1_2020_11_18,,
p1_2020_11_19,힘의평형,
p1_2020_11_20,"마찰력,빗면,저항과회로",
p1_2021_06_01,뉴턴운동법칙,
p1_2021_06_02,"자기장,다이오드",
p1_2021_06_03,"간섭,파동의성질",
p1_2021_06_04,"전자기파,파동의성질",
p1_2021_06_05,전자기유도,
p1_2021_06_07,파동의성질,
p1_2021_06_08,"등가속도운동,마찰력",
p1_2021_06_09,"용수철,운동량보존",
p1_2021_06_10,"저항과회로,다이오드",
p1_2021_06_11,"원자모형,스펙트럼,에너지준위,파동의성질",
p1_2021_06_12,자성체,
p1_2021_06_13,충돌,
p1_2021_06_14,"일과에너지,열기관",
p1_2021_06_15,"운동량보존,물질파,파동의성질",
p1_2021_06_16,"굴절,전반사,광통신",
p1_2021_06_17,"등속직선운동,특수상대성이론",
p1_2021_06_18,"등가속도운동,마찰력,실연결물체",
p1_2021_06_19,"전기력,점전하",
p1_2021_06_20,"자유낙하,힘의평형,용수철,일과에너지,저항과회로",
p1_2021_09_01,,
p1_2021_09_02,"운동량보존,충돌,충격량",
p1_2021_09_03,"전자기파,파동의성질",
p1_2021_09_04,파동의성질,
p1_2021_09_05,"저항과회로,에너지띠,반도체",
p1_2021_09_07,,
p1_2021_09_08,"원자모형,에너지준위,파동의성질",
p1_2021_09_09,"작용반작용,마찰력",
p1_2021_09_10,"자유낙하,마찰력,실연결물체,저항과회로",
p1_2021_09_11,특수상대성이론,
p1_2021_09_12,"자기장,물질파,파동의성질",
p1_2021_09_13,"간섭,빛의이중성",
p1_2021_09_14,"굴절,전반사",
p1_2021_09_15,"일과에너지,열기관",
p1_2021_09_16,"원형전류,전자기유도",
p1_2021_09_17,충돌,
p1_2021_09_18,"자기장,직선전류",
p1_2021_09_19,"전기력,점전하",
p1_2021_09_20,"자유낙하,뉴턴운동법칙,마찰력,실연결물체,용수철",
p1_2021_11_01,"전자기파,파동의성질",
p1_2021_11_03,자성체,
p1_2021_11_04,저항과회로,
p1_2021_11_07,굴절,
p1_2021_11_08,"원자모형,스펙트럼,에너지준위,파동의성질",
p1_2021_11_09,"등속직선운동,충돌",
p1_2021_11_10,작용반작용,
p1_2021_11_11,"자기장,전자기유도",
p1_2021_11_12,"열역학제1법칙,열기관",
p1_2021_11_13,파동의성질,
p1_2021_11_14,"마찰력,충돌,일과에너지",
p1_2021_11_15,"굴절,전반사,광통신",
p1_2021_11_16,"자기장,직선전류",
p1_2021_11_17,특수상대성이론,
p1_2021_11_18,등가속도운동,
p1_2021_11_19,"전기력,점전하",
p1_2021_11_20,"마찰력,실연결물체,용수철,일과에너지,저항과회로",
p1_2022_06_01,"전자기파,파동의성질",
p1_2022_06_02,전자기유도,
p1_2022_06_03,"에너지띠,반도체",
p1_2022_06_04,"일과에너지,자기장,전자기파,물질파,파동의성질",
p1_2022_06_05,"운동량보존,충돌,충격량",
p1_2022_06_07,"전기력,원자모형,에너지준위,파동의성질",
p1_2022_06_08,"등속직선운동,뉴턴운동법칙,작용반작용",
p1_2022_06_09,"자기장,솔레노이드,자성체",
p1_2022_06_10,파동의성질,
p1_2022_06_11,"일과에너지,열역학제1법칙",
p1_2022_06_12,등가속도운동,
p1_2022_06_13,"등속직선운동,등가속도운동,마찰력,실연결물체",
p1_2022_06_14,"등속직선운동,특수상대성이론",
p1_2022_06_15,간섭,
p1_2022_06_16,전반사,
p1_2022_06_17,"등속직선운동,마찰력",
p1_2022_06_18,"자기장,직선전류,원형전류",
p1_2022_06_19,"전기력,점전하",
p1_2022_06_20,"자유낙하,마찰력,용수철,역학적에너지보존,저항과회로",
p1_2022_09_01,등속직선운동,
p1_2022_09_02,질량에너지등가,
p1_2022_09_03,"전반사,전자기파",
p1_2022_09_05,"자기장,자성체",
p1_2022_09_06,"원자모형,에너지준위,파동의성질",
p1_2022_09_07,"뉴턴운동법칙,작용반작용,마찰력,용수철,자기장",
p1_2022_09_08,"마찰력,운동량보존,충격량,저항과회로",
p1_2022_09_09,파동의성질,
p1_2022_09_10,"등속직선운동,특수상대성이론",
p1_2022_09_11,"마찰력,빗면",
p1_2022_09_12,"간섭,광전효과,물질파,파동의성질",
p1_2022_09_13,"자유낙하,마찰력",
p1_2022_09_14,"일과에너지,열기관",
p1_2022_09_15,"굴절,전반사",
p1_2022_09_16,"자기장,직선전류",
p1_2022_09_17,"자유낙하,저항과회로,전자기유도,다이오드",
p1_2022_09_18,"등속직선운동,마찰력,충돌",
p1_2022_09_19,"전기력,점전하",
p1_2022_09_20,"등속직선운동,자유낙하,마찰력,빗면,충돌",
p1_2022_11_01,간섭,
p1_2022_11_03,파동의성질,
p1_2022_11_04,전자기파,
p1_2022_11_05,"전기력,전자기파,원자모형,에너지준위",
p1_2022_11_06,"자기장,자성체",
p1_2022_11_07,"간섭,광전효과",
p1_2022_11_08,"뉴턴운동법칙,작용반작용,용수철",
p1_2022_11_09,"등속직선운동,마찰력,운동량보존",
p1_2022_11_10,"저항과회로,반도체,다이오드",
p1_2022_11_11,"굴절,전반사,파동의성질",
p1_2022_11_12,"자유낙하,마찰력,역학적에너지보존,솔레노이드,다이오드",
p1_2022_11_13,"등속직선운동,마찰력,운동량보존,충돌,에너지준위",
p1_2022_11_14,"등속직선운동,특수상대성이론",
p1_2022_11_15,"등가속도운동,자유낙하,마찰력,일과에너지,저항과회로",
p1_2022_11_16,"등속직선운동,등가속도운동",
p1_2022_11_17,"일과에너지,열역학제1법칙,열기관",
p1_2022_11_18,"자기장,직선전류",
p1_2022_11_19,"전기력,점전하",
p1_2022_11_20,"등속직선운동,자유낙하,마찰력,빗면,용수철",
p1_2023_06_01,"자기장,전자기유도",
p1_2023_06_02,자성체,
p1_2023_06_03,"전자기파,파동의성질",
p1_2023_06_04,"간섭,파동의성질",
p1_2023_06_05,"에너지띠,에너지준위,파동의성질",
p1_2023_06_06,"일과에너지,광전효과",
p1_2023_06_07,"원자모형,스펙트럼,에너지준위,파동의성질",
p1_2023_06_08,"등가속도운동,빗면",
p1_2023_06_09,"등속직선운동,충돌",
p1_2023_06_10,파동의성질,
p1_2023_06_11,"작용반작용,자기장",
p1_2023_06_13,"등속직선운동,충돌",
p1_2023_06_14,"등가속도운동,자유낙하,마찰력,실연결물체",
p1_2023_06_15,"굴절,전반사",
p1_2023_06_16,"일과에너지,열역학제1법칙,열기관",
p1_2023_06_17,특수상대성이론,
p1_2023_06_18,"자기장,직선전류,원형전류",
p1_2023_06_19,"등속직선운동,자유낙하,마찰력,용수철,역학적에너지보존",
p1_2023_06_20,"전기력,점전하",
p1_2023_09_01,"전자기파,파동의성질",
p1_2023_09_02,자기장,
p1_2023_09_03,빛의이중성,
p1_2023_09_04,"전자기파,원자모형,에너지준위,광전효과",
p1_2023_09_05,굴절,
p1_2023_09_07,"작용반작용,용수철",
p1_2023_09_08,"등속직선운동,자유낙하,마찰력,용수철,충돌",
p1_2023_09_09,"굴절,전반사",
p1_2023_09_10,,
p1_2023_09_11,"등속직선운동,특수상대성이론",
p1_2023_09_12,"등속직선운동,자기장,전자기유도,반도체,다이오드",
p1_2023_09_13,"등속직선운동,마찰력,운동량보존",
p1_2023_09_14,"등가속도운동,마찰력,빗면",
p1_2023_09_15,"열역학제1법칙,열기관",
p1_2023_09_16,"등가속도운동,자유낙하,마찰력,빗면",
p1_2023_09_17,"저항과회로,다이오드",
p1_2023_09_18,"자기장,직선전류",
p1_2023_09_19,"전기력,점전하",
p1_2023_09_20,"등속직선운동,등가속도운동,자유낙하,마찰력,빗면",
p1_2023_11_01,"전자기파,파동의성질",
p1_2023_11_02,간섭,
p1_2023_11_04,"운동량보존,전자기파,물질파,빛의이중성,파동의성질",
p1_2023_11_05,"원자모형,에너지준위,파동의성질",
p1_2023_11_06,"작용반작용,마찰력,실연결물체",
p1_2023_11_07,"자기장,솔레노이드,자성체",
p1_2023_11_08,파동의성질,
p1_2023_11_09,"등속직선운동,충격량",
p1_2023_11_10,"등속직선운동,자기장,전자기유도",
p1_2023_11_11,"굴절,전반사,파동의성질",
p1_2023_11_12,"등속직선운동,특수상대성이론",
p1_2023_11_13,"일과에너지,열기관",
p1_2023_11_14,"등가속도운동,자유낙하,마찰력,빗면",
p1_2023_11_15,"저항과회로,반도체,다이오드",
p1_2023_11_16,"등속직선운동,마찰력,충돌",
p1_2023_11_17,"등속직선운동,등가속도운동,자유낙하,마찰력,빗면",
p1_2023_11_18,"자기장,직선전류,원형전류",
p1_2023_11_19,"전기력,점전하",
p1_2023_11_20,"등속직선운동,등가속도운동,자유낙하,마찰력,빗면",
p1_2024_06_01,"전자기파,파동의성질",
p1_2024_06_02,"충돌,질량에너지등가",
p1_2024_06_03,"원자모형,스펙트럼,에너지준위,파동의성질",
p1_2024_06_04,"자유낙하,자기장,자성체",
p1_2024_06_05,"등가속도운동,마찰력,빗면,실연결물체,저항과회로",
p1_2024_06_06,,
p1_2024_06_07,"등속직선운동,마찰력,충돌,충격량",
p1_2024_06_08,"일과에너지,열역학제1법칙,열기관",
p1_2024_06_09,"등속직선운동,특수상대성이론",
p1_2024_06_10,"전기력,점전하",
p1_2024_06_11,"저항과회로,반도체,다이오드",
p1_2024_06_12,"자기장,직선전류",
p1_2024_06_13,"자기장,전자기유도",
p1_2024_06_14,파동의성질,
p1_2024_06_15,간섭,
p1_2024_06_16,"굴절,전반사",
p1_2024_06_17,"일과에너지,광전효과,물질파,파동의성질",
p1_2024_06_18,"등속직선운동,등가속도운동",
p1_2024_06_19,"등속직선운동,마찰력,운동량보존",
p1_2024_06_20,"마찰력,역학적에너지보존,저항과회로",
p1_2024_09_01,"충돌,전자기파,파동의성질",
p1_2024_09_02,질량에너지등가,
p1_2024_09_03,파동의성질,
p1_2024_09_04,"원자모형,스펙트럼,에너지준위,파동의성질",
p1_2024_09_05,"용수철,자기장,자성체",
p1_2024_09_06,"등속직선운동,특수상대성이론",
p1_2024_09_07,열기관,
p1_2024_09_08,"등속직선운동,등가속도운동,마찰력,저항과회로",
p1_2024_09_09,작용반작용,
p1_2024_09_10,"등속직선운동,마찰력,운동량보존,충돌",
p1_2024_09_11,"저항과회로,반도체,다이오드",
p1_2024_09_12,"자기장,직선전류,원형전류",
p1_2024_09_13,"등속직선운동,자기장,전자기유도",
p1_2024_09_14,"굴절,전반사,파동의성질",
p1_2024_09_15,"간섭,파동의성질",
p1_2024_09_16,"운동량보존,일과에너지,물질파,파동의성질",
p1_2024_09_17,"등속직선운동,자유낙하,마찰력,용수철,충돌",
p1_2024_09_18,"전기력,점전하",
p1_2024_09_19,"자유낙하,마찰력,역학적에너지보존,저항과회로",
p1_2024_09_20,"등가속도운동,빗면",
p1_2024_11_01,"전자기파,파동의성질",
p1_2024_11_03,"자기장,자성체",
p1_2024_11_04,"원자모형,스펙트럼,에너지준위,파동의성질",
p1_2024_11_05,파동의성질,
p1_2024_11_06,파동의성질,
p1_2024_11_07,"등속직선운동,마찰력,운동량보존,충돌",
p1_2024_11_08,"등속직선운동,자유낙하,마찰력,용수철,운동량보존",
p1_2024_11_09,마찰력,
p1_2024_11_10,"등가속도운동,마찰력,실연결물체,저항과회로",
p1_2024_11_11,"일과에너지,열역학제1법칙,열기관",
p1_2024_11_12,"등속직선운동,특수상대성이론",
p1_2024_11_13,"저항과회로,에너지띠,반도체,다이오드",
p1_2024_11_14,"굴절,전반사",
p1_2024_11_15,"전기력,점전하",
p1_2024_11_16,"일과에너지,물질파,파동의성질",
p1_2024_11_17,"등속직선운동,자기장,전자기유도",
p1_2024_11_18,"자기장,직선전류",
p1_2024_11_19,등가속도운동,
p1_2024_11_20,"자유낙하,마찰력,충돌,역학적에너지보존,저항과회로",
p1_2025_06_01,"전자기파,파동의성질",
p1_2025_06_02,뉴턴운동법칙,
p1_2025_06_03,"원자모형,스펙트럼,에너지준위,파동의성질",
p1_2025_06_05,"뉴턴운동법칙,작용반작용,용수철",
p1_2025_06_06,파동의성질,
p1_2025_06_07,"등속직선운동,특수상대성이론",
p1_2025_06_08,"자기장,자성체",
p1_2025_06_09,"굴절,전반사",
p1_2025_06_10,"일과에너지,열역학제1법칙,열기관",
p1_2025_06_11,"운동량보존,충돌",
p1_2025_06_12,"전기력,점전하",
p1_2025_06_13,"일과에너지,물질파,파동의성질",
p1_2025_06_14,"자유낙하,마찰력,빗면,운동량보존,충돌",
p1_2025_06_15,"굴절,파동의성질",
p1_2025_06_16,"저항과회로,반도체,다이오드",
p1_2025_06_17,"자기장,직선전류",
p1_2025_06_18,"등속직선운동,자기장,전자기유도",
p1_2025_06_19,"등가속도운동,자유낙하,마찰력,빗면,실연결물체",
p1_2025_06_20,"등가속도운동,마찰력,실연결물체",
p1_2025_09_01,전자기파,
p1_2025_09_02,등가속도운동,
p1_2025_09_03,"원자모형,스펙트럼",
p1_2025_09_05,파동의성질,
p1_2025_09_06,"자기장,자성체",
p1_2025_09_07,"작용반작용,자기장",
p1_2025_09_08,"굴절,전반사",
p1_2025_09_09,"간섭,파동의성질",
p1_2025_09_10,"마찰력,운동량보존,충돌,충격량",
p1_2025_09_11,"등속직선운동,특수상대성이론",
p1_2025_09_12,"등속직선운동,마찰력,충돌",
p1_2025_09_13,"저항과회로,다이오드",
p1_2025_09_14,"운동량보존,일과에너지,물질파,파동의성질",
p1_2025_09_15,"마찰력,열역학제1법칙",
p1_2025_09_16,"자기장,직선전류,원형전류",
p1_2025_09_17,"전기력,점전하",
p1_2025_09_18,"자기장,전자기유도",
p1_2025_09_19,"등가속도운동,자유낙하,마찰력,실연결물체,저항과회로",
p1_2025_09_20,"자유낙하,마찰력,용수철,일과에너지,역학적에너지보존",
p1_2025_11_01,"전자기파,파동의성질",
p1_2025_11_03,"원자모형,에너지준위,파동의성질",
p1_2025_11_04,빛의이중성,
p1_2025_11_05,"작용반작용,마찰력,자기장",
p1_2025_11_06,"등속직선운동,마찰력,충돌",
p1_2025_11_07,"자기장,자성체",
p1_2025_11_08,"굴절,파동의성질",
p1_2025_11_09,"등속직선운동,특수상대성이론",
p1_2025_11_10,"등속직선운동,마찰력,충돌",
p1_2025_11_11,"간섭,파동의성질",
p1_2025_11_12,"저항과회로,반도체,다이오드",
p1_2025_11_13,"전기력,점전하",
p1_2025_11_14,"굴절,전반사",
p1_2025_11_15,"일과에너지,열역학제1법칙,열기관",
p1_2025_11_16,"등속직선운동,등가속도운동",
p1_2025_11_17,"자기장,직선전류",
p1_2025_11_18,"등가속도운동,마찰력,저항과회로",
p1_2025_11_19,"등속직선운동,자기장,전자기유도",
p1_2025_11_20,"등속직선운동,자유낙하,마찰력,용수철,역학적에너지보존",
p1_2026_06_01,"전자기파,파동의성질",
p1_2026_06_02,질량에너지등가,
p1_2026_06_03,,
p1_2026_06_04,마찰력,
p1_2026_06_05,자성체,
p1_2026_06_06,"등속직선운동,마찰력,충돌",
p1_2026_06_07,"원자모형,에너지준위,파동의성질",
p1_2026_06_08,"등속직선운동,운동량보존,충돌,충격량",
p1_2026_06_09,"에너지띠,반도체,에너지준위",
p1_2026_06_10,파동의성질,
p1_2026_06_11,"등속직선운동,특수상대성이론",
p1_2026_06_12,간섭,
p1_2026_06_13,"굴절,전반사",
p1_2026_06_14,열기관,
p1_2026_06_15,"일과에너지,광전효과,물질파,파동의성질",
p1_2026_06_16,"등가속도운동,자유낙하,마찰력,역학적에너지보존,저항과회로",
p1_2026_06_17,"자기장,원형전류",
p1_2026_06_18,"등속직선운동,자기장,전자기유도",
p1_2026_06_19,"전기력,점전하",
p1_2026_06_20,"자유낙하,마찰력,용수철,일과에너지,역학적에너지보존",
p1_2026_09_01,전자기파,
p1_2026_09_02,"등속직선운동,등가속도운동,포물선운동,뉴턴운동법칙",
p1_2026_09_04,스펙트럼,
p1_2026_09_05,"자기장,자성체",
p1_2026_09_06,파동의성질,
p1_2026_09_07,"충돌,충격량",
p1_2026_09_08,"작용반작용,마찰력",
p1_2026_09_09,"굴절,전반사",
p1_2026_09_10,"등속직선운동,마찰력,운동량보존,충돌",
p1_2026_09_11,"저항과회로,반도체,다이오드",
p1_2026_09_12,"등속직선운동,특수상대성이론",
p1_2026_09_13,"운동량보존,일과에너지,물질파,파동의성질",
p1_2026_09_14,열기관,
p1_2026_09_15,"등속직선운동,자기장,전자기유도",
p1_2026_09_16,,
p1_2026_09_17,"등속직선운동,자유낙하,마찰력,빗면,용수철",
p1_2026_09_18,"자기장,직선전류",
p1_2026_09_19,"등가속도운동,마찰력,실연결물체",
p1_2026_09_20,"전기력,점전하",
p1_2026_11_01,질량에너지등가,
p1_2026_11_02,"자유낙하,자기장,자성체",
p1_2026_11_03,"전자기파,파동의성질",
p1_2026_11_04,"원자모형,에너지준위,파동의성질",
p1_2026_11_05,"굴절,파동의성질",
p1_2026_11_06,간섭,
p1_2026_11_07,"자유낙하,마찰력,빗면,운동량보존,충돌",
p1_2026_11_08,"등속직선운동,특수상대성이론",
p1_2026_11_09,"작용반작용,마찰력,도르래",
p1_2026_11_10,"등속직선운동,마찰력,운동량보존,충돌,충격량",
p1_2026_11_11,"굴절,전반사",
p1_2026_11_13,"저항과회로,반도체,다이오드",
p1_2026_11_14,등가속도운동,
p1_2026_11_15,"자기장,직선전류",
p1_2026_11_16,열기관,
p1_2026_11_17,"등속직선운동,자기장,전자기유도",
p1_2026_11_18,"등가속도운동,마찰력,빗면,실연결물체,저항과회로",
p1_2026_11_19,"등속직선운동,자유낙하,마찰력,빗면,충돌",
p1_2026_11_20,"전기력,점전하",
p1_2027_06_01,전자기파,
p1_2027_06_02,행성운동,
p1_2027_06_04,"굴절,파동의성질",
p1_2027_06_05,"전기력,원자모형,에너지준위,파동의성질",
p1_2027_06_06,간섭,
p1_2027_06_07,"용수철,자기장,자성체",
p1_2027_06_08,"열역학제1법칙,열기관",
p1_2027_06_09,"굴절,전반사",
p1_2027_06_10,"작용반작용,마찰력,실연결물체,용수철",
p1_2027_06_11,"등속직선운동,운동량보존,충돌,충격량",
p1_2027_06_12,"등속직선운동,특수상대성이론",
p1_2027_06_13,"일과에너지,물질파,파동의성질",
p1_2027_06_14,"등속직선운동,마찰력,충돌",
p1_2027_06_15,"자기장,전자기유도",
p1_2027_06_16,"저항과회로,반도체,다이오드",
p1_2027_06_17,"등속직선운동,자유낙하,마찰력,용수철,일과에너지",
p1_2027_06_18,"자유낙하,뉴턴운동법칙,마찰력,빗면,저항과회로",
p1_2027_06_19,"자기장,직선전류,원형전류",
p1_2027_06_20,"전기력,점전하",
p2_2007_11_01,"등가속도운동,포물선운동,저항과회로",
p2_2007_11_12,"점전하,자기장",
p2_2008_06_01,"등속직선운동,포물선운동,저항과회로",
p2_2008_06_02,,
p2_2008_06_03,,
p2_2008_06_04,,
p2_2008_06_05,뉴턴운동법칙,
p2_2008_06_06,,
p2_2008_06_07,"등속직선운동,포물선운동,마찰력,실연결물체,저항과회로",
p2_2008_06_08,"자유낙하,용수철,충돌,충격량,일과에너지",
p2_2008_06_09,"힘의평형,마찰력",
p2_2008_06_10,"등속직선운동,마찰력,용수철,저항과회로",
p2_2008_06_11,"등속직선운동,마찰력,실연결물체,저항과회로",
p2_2008_06_12,"일과에너지,전기력,점전하,전자기파",
p2_2008_06_13,열역학제1법칙,
p2_2008_06_14,"힘의평형,일과에너지,점전하",
p2_2008_06_15,"자유낙하,마찰력,빗면,실연결물체,저항과회로",
p2_2008_06_16,"일과에너지,역학적에너지보존,행성운동",
p2_2008_06_17,"마찰력,일과에너지",
p2_2008_06_18,"마찰력,충돌,저항과회로",
p2_2008_06_19,전자기파,
p2_2008_06_20,"저항과회로,전기력,전자기파",
p2_2008_09_01,,
p2_2008_09_02,,
p2_2008_09_03,저항과회로,
p2_2008_09_04,"마찰력,용수철,저항과회로",
p2_2008_09_05,"등속직선운동,행성운동",
p2_2008_09_06,마찰력,
p2_2008_09_07,"마찰력,충돌",
p2_2008_09_08,"열역학제1법칙,저항과회로",
p2_2008_09_09,저항과회로,
p2_2008_09_10,점전하,
p2_2008_09_11,저항과회로,
p2_2008_09_12,,
p2_2008_09_13,저항과회로,
p2_2008_09_14,자기장,
p2_2008_09_15,"저항과회로,직선전류",
p2_2008_09_16,질량에너지등가,
p2_2008_09_17,"원자모형,에너지준위",
p2_2008_09_18,,
p2_2008_09_19,"자유낙하,충돌",
p2_2008_09_20,저항과회로,
p2_2008_11_01,"등속직선운동,등가속도운동",
p2_2008_11_03,"등속직선운동,저항과회로",
p2_2008_11_08,전자기파,
p2_2008_11_09,,
p2_2009_11_02,저항과회로,
p2_2009_11_08,등속직선운동,
p2_2009_11_13,"전자기파,에너지준위",
p2_2010_09_14,"힘의평형,저항과회로,전기력,점전하",
p2_2010_09_17,,
p2_2010_11_01,,
p2_2010_11_19,"등속직선운동,포물선운동,점전하",
p2_2011_09_02,"등속직선운동,등가속도운동,저항과회로",
p2_2011_09_13,,
p2_2011_09_16,,
p2_2011_11_01,등속직선운동,
p2_2012_06_01,등속직선운동,
p2_2012_06_13,일과에너지,
p2_2012_06_14,,
p2_2012_09_01,,
p2_2012_09_14,전자기파,
p2_2013_06_01,,
p2_2013_06_03,등속직선운동,
p2_2013_06_09,"등속직선운동,일과에너지,행성운동",
p2_2013_06_11,"일과에너지,역학적에너지보존,행성운동",
p2_2013_06_16,열역학제1법칙,
p2_2013_09_01,등속직선운동,
p2_2013_11_01,,
p2_2013_11_18,질량에너지등가,
p2_2014_06_01,,
p2_2014_06_02,,
p2_2014_09_02,충격량,
p2_2014_11_01,등속직선운동,
p2_2014_11_05,"간섭,파동의성질",
p2_2014_11_06,"굴절,파동의성질",
p2_2015_09_01,등속직선운동,
p2_2015_09_08,,
p2_2015_11_01,,
p2_2015_11_02,일과에너지,
p2_2015_11_04,"운동량보존,물질파,파동의성질",
p2_2016_09_01,등속직선운동,
p2_2016_09_15,,
p2_2016_11_01,등속직선운동,
p2_2017_06_01,,
p2_2017_06_02,,
p2_2017_06_05,,
p2_2017_11_01,"뉴턴운동법칙,작용반작용",
p2_2017_11_02,,
p2_2018_06_01,,
p2_2018_06_02,,
p2_2018_06_05,"자유낙하,뉴턴운동법칙,용수철,일과에너지",
p2_2018_06_15,"간섭,파동의성질",
p2_2018_09_01,파동의성질,
p2_2018_09_02,등속직선운동,
p2_2018_09_05,파동의성질,
p2_2018_11_01,,
p2_2018_11_02,"전자기파,파동의성질",
p2_2018_11_04,,
p2_2019_06_01,,
p2_2019_06_02,등속직선운동,
p2_2019_06_03,"저항과회로,점전하",
p2_2019_06_04,"자유낙하,마찰력,도르래,실연결물체,저항과회로",
p2_2019_06_05,파동의성질,
p2_2019_06_06,일과에너지,
p2_2019_06_07,"등가속도운동,자유낙하,일과에너지,전기력,점전하",
p2_2019_06_08,점전하,
p2_2019_06_09,"저항과회로,점전하",
p2_2019_06_10,"자기장,직선전류",
p2_2019_06_11,"등가속도운동,자기장",
p2_2019_06_12,굴절,
p2_2019_06_13,저항과회로,
p2_2019_06_14,"저항과회로,자기장,원형전류",
p2_2019_06_15,용수철,
p2_2019_06_16,,
p2_2019_06_17,"간섭,파동의성질",
p2_2019_06_18,"등속직선운동,용수철,충돌",
p2_2019_06_19,"마찰력,용수철,열역학제1법칙",
p2_2019_06_20,"등가속도운동,포물선운동,마찰력",
p2_2019_09_01,등가속도운동,
p2_2019_09_02,,
p2_2019_09_03,,
p2_2019_09_04,"굴절,파동의성질",
p2_2019_09_05,,
p2_2019_09_06,"마찰력,실연결물체,용수철",
p2_2019_09_07,"등가속도운동,점전하,자기장",
p2_2019_09_08,"자기장,직선전류",
p2_2019_09_10,파동의성질,
p2_2019_09_11,"에너지준위,파동의성질",
p2_2019_09_12,"저항과회로,점전하,광전효과",
p2_2019_09_13,등속직선운동,
p2_2019_09_14,"에너지준위,파동의성질",
p2_2019_09_15,"운동량보존,일과에너지,물질파,파동의성질",
p2_2019_09_16,"등가속도운동,전기력,점전하",
p2_2019_09_17,포물선운동,
p2_2019_09_18,저항과회로,
p2_2019_09_19,"마찰력,용수철",
p2_2019_09_20,"등속직선운동,포물선운동,용수철,충돌",
p2_2019_11_01,,
p2_2019_11_02,,
p2_2019_11_03,파동의성질,
p2_2019_11_04,용수철,
p2_2019_11_05,저항과회로,
p2_2019_11_06,등속직선운동,
p2_2019_11_07,"점전하,자기장",
p2_2019_11_08,"등속직선운동,자기장,간섭,물질파,파동의성질",
p2_2019_11_09,"굴절,파동의성질",
p2_2019_11_10,에너지준위,
p2_2019_11_11,"물질파,파동의성질",
p2_2019_11_12,"힘의평형,용수철,자기장",
p2_2019_11_13,,
p2_2019_11_15,"간섭,파동의성질",
p2_2019_11_16,"등속직선운동,포물선운동,일과에너지,점전하",
p2_2019_11_17,"힘의평형,마찰력,열역학제1법칙",
p2_2019_11_18,저항과회로,
p2_2019_11_19,"등속직선운동,마찰력,용수철,충돌",
p2_2019_11_20,"포물선운동,마찰력",
p2_2020_06_01,,
p2_2020_06_02,파동의성질,
p2_2020_06_03,"일과에너지,전기력,점전하",
p2_2020_06_04,,
p2_2020_06_05,"포물선운동,뉴턴운동법칙",
p2_2020_06_06,"힘의평형,마찰력,일과에너지,열역학제1법칙",
p2_2020_06_07,점전하,
p2_2020_06_08,"저항과회로,자기장,전자기유도",
p2_2020_06_09,등속직선운동,
p2_2020_06_10,"자기장,직선전류,원형전류",
p2_2020_06_11,굴절,
p2_2020_06_12,"등가속도운동,실연결물체,용수철",
p2_2020_06_13,"저항과회로,점전하",
p2_2020_06_14,저항과회로,
p2_2020_06_15,파동의성질,
p2_2020_06_16,"저항과회로,점전하",
p2_2020_06_17,"포물선운동,자기장",
p2_2020_06_18,"등가속도운동,포물선운동,마찰력",
p2_2020_06_19,"등속직선운동,포물선운동,용수철,충돌",
p2_2020_06_20,"힘의평형,마찰력,용수철,열역학제1법칙",
p2_2020_09_01,등속직선운동,
p2_2020_09_02,파동의성질,
p2_2020_09_03,자기장,
p2_2020_09_04,"자유낙하,마찰력,용수철",
p2_2020_09_05,일과에너지,
p2_2020_09_06,"저항과회로,점전하",
p2_2020_09_07,"포물선운동,전기력",
p2_2020_09_08,자기장,
p2_2020_09_09,,
p2_2020_09_10,간섭,
p2_2020_09_11,,
p2_2020_09_12,파동의성질,
p2_2020_09_13,"저항과회로,간섭",
p2_2020_09_14,전자기파,
p2_2020_09_15,파동의성질,
p2_2020_09_16,"물질파,파동의성질",
p2_2020_09_17,저항과회로,
p2_2020_09_18,"등속직선운동,포물선운동,마찰력,빗면,용수철",
p2_2020_09_19,"등가속도운동,포물선운동",
p2_2020_09_20,"힘의평형,마찰력,용수철",
p2_2020_11_01,,
p2_2020_11_02,,
p2_2020_11_03,,
p2_2020_11_04,"저항과회로,점전하",
p2_2020_11_05,"운동량보존,충돌,일과에너지,파동의성질",
p2_2020_11_06,열역학제1법칙,
p2_2020_11_07,"전기력,점전하",
p2_2020_11_08,"굴절,파동의성질",
p2_2020_11_10,"에너지준위,물질파,파동의성질",
p2_2020_11_11,"자기장,직선전류",
p2_2020_11_12,"간섭,파동의성질",
p2_2020_11_13,,
p2_2020_11_14,"자유낙하,파동의성질",
p2_2020_11_15,저항과회로,
p2_2020_11_16,자기장,
p2_2020_11_17,용수철,
p2_2020_11_18,"자유낙하,포물선운동,마찰력,빗면",
p2_2020_11_19,"등속직선운동,포물선운동,용수철,충돌,점전하",
p2_2020_11_20,"힘의평형,마찰력,용수철,열역학제1법칙",
p2_2021_06_01,,
p2_2021_06_02,"전기력,자기장,특수상대성이론",
p2_2021_06_03,"힘의평형,마찰력,일과에너지,열역학제1법칙",
p2_2021_06_04,전기력,
p2_2021_06_05,등속직선운동,
p2_2021_06_06,"저항과회로,반도체",
p2_2021_06_07,"저항과회로,점전하",
p2_2021_06_08,저항과회로,
p2_2021_06_09,등속직선운동,
p2_2021_06_10,"저항과회로,행성운동",
p2_2021_06_11,행성운동,
p2_2021_06_12,일과에너지,
p2_2021_06_13,점전하,
p2_2021_06_14,저항과회로,
p2_2021_06_15,,
p2_2021_06_16,"마찰력,도르래,일과에너지,저항과회로",
p2_2021_06_17,저항과회로,
p2_2021_06_18,"등가속도운동,포물선운동",
p2_2021_06_19,"포물선운동,마찰력,빗면",
p2_2021_06_20,"등속직선운동,등가속도운동,마찰력,빗면,저항과회로",
p2_2021_09_01,,
p2_2021_09_02,"빛의이중성,파동의성질",
p2_2021_09_03,"일과에너지,역학적에너지보존",
p2_2021_09_05,,
p2_2021_09_06,"일과에너지,물질파,파동의성질",
p2_2021_09_07,"저항과회로,점전하",
p2_2021_09_08,"마찰력,일과에너지",
p2_2021_09_09,"자기장,직선전류",
p2_2021_09_10,"마찰력,일과에너지,전기력,전자기파",
p2_2021_09_11,점전하,
p2_2021_09_12,저항과회로,
p2_2021_09_13,등속직선운동,
p2_2021_09_14,저항과회로,
p2_2021_09_15,,
p2_2021_09_16,,
p2_2021_09_17,행성운동,
p2_2021_09_18,"저항과회로,자기장,원형전류,전자기유도",
p2_2021_09_19,마찰력,
p2_2021_09_20,"포물선운동,일과에너지",
p2_2021_11_02,"운동량보존,점전하",
p2_2021_11_03,특수상대성이론,
p2_2021_11_04,"저항과회로,전자기파",
p2_2021_11_05,"마찰력,일과에너지,저항과회로",
p2_2021_11_06,저항과회로,
p2_2021_11_07,"간섭,파동의성질",
p2_2021_11_08,"저항과회로,점전하",
p2_2021_11_09,,
p2_2021_11_10,점전하,
p2_2021_11_11,등속직선운동,
p2_2021_11_12,실연결물체,
p2_2021_11_13,"자기장,직선전류",
p2_2021_11_14,,
p2_2021_11_15,행성운동,
p2_2021_11_16,저항과회로,
p2_2021_11_17,"등속직선운동,저항과회로,자기장,전자기유도",
p2_2021_11_18,"등속직선운동,마찰력,빗면,역학적에너지보존,저항과회로",
p2_2021_11_19,,
p2_2021_11_20,포물선운동,
p2_2022_06_01,,
p2_2022_06_03,,
p2_2022_06_04,,
p2_2022_06_05,등속직선운동,
p2_2022_06_06,"저항과회로,자기장,전자기유도",
p2_2022_06_07,"저항과회로,점전하",
p2_2022_06_08,저항과회로,
p2_2022_06_09,"등가속도운동,자유낙하,일과에너지,전기력",
p2_2022_06_10,일과에너지,
p2_2022_06_11,"등가속도운동,포물선운동,마찰력",
p2_2022_06_12,자기장,
p2_2022_06_13,"뉴턴운동법칙,일과에너지",
p2_2022_06_14,행성운동,
p2_2022_06_15,"자기장,직선전류",
p2_2022_06_16,"저항과회로,반도체",
p2_2022_06_17,점전하,
p2_2022_06_18,,
p2_2022_06_19,등가속도운동,
p2_2022_06_20,"뉴턴운동법칙,마찰력,역학적에너지보존,저항과회로",
p2_2022_09_01,등속직선운동,
p2_2022_09_02,"운동량보존,빛의이중성,파동의성질",
p2_2022_09_03,등가속도운동,
p2_2022_09_04,"뉴턴운동법칙,실연결물체,일과에너지",
p2_2022_09_05,"등속직선운동,파동의성질",
p2_2022_09_06,포물선운동,
p2_2022_09_07,"전자기파,에너지준위",
p2_2022_09_08,"저항과회로,점전하",
p2_2022_09_09,"간섭,파동의성질",
p2_2022_09_10,"저항과회로,반도체",
p2_2022_09_11,,
p2_2022_09_12,저항과회로,
p2_2022_09_13,점전하,
p2_2022_09_14,"운동량보존,일과에너지,행성운동",
p2_2022_09_15,"자기장,직선전류",
p2_2022_09_17,자기장,
p2_2022_09_18,,
p2_2022_09_19,"등속직선운동,자유낙하,마찰력,일과에너지,저항과회로",
p2_2022_09_20,"등속직선운동,등가속도운동",
p2_2022_11_01,,
p2_2022_11_03,"간섭,물질파,빛의이중성,파동의성질",
p2_2022_11_04,간섭,
p2_2022_11_05,등가속도운동,
p2_2022_11_06,"저항과회로,점전하",
p2_2022_11_07,행성운동,
p2_2022_11_08,저항과회로,
p2_2022_11_09,"등속직선운동,포물선운동,뉴턴운동법칙,일과에너지",
p2_2022_11_10,"등속직선운동,실연결물체",
p2_2022_11_11,"자기장,직선전류",
p2_2022_11_12,"등가속도운동,실연결물체",
p2_2022_11_13,저항과회로,
p2_2022_11_14,,
p2_2022_11_15,"등가속도운동,마찰력,저항과회로",
p2_2022_11_16,"저항과회로,자기장,전자기유도",
p2_2022_11_17,점전하,
p2_2022_11_18,"등속직선운동,마찰력",
p2_2022_11_19,등속직선운동,
p2_2022_11_20,등가속도운동,
p2_2023_06_01,,
p2_2023_06_02,뉴턴운동법칙,
p2_2023_06_03,"저항과회로,반도체",
p2_2023_06_04,저항과회로,
p2_2023_06_05,행성운동,
p2_2023_06_06,저항과회로,
p2_2023_06_07,,
p2_2023_06_08,실연결물체,
p2_2023_06_09,뉴턴운동법칙,
p2_2023_06_10,저항과회로,
p2_2023_06_11,저항과회로,
p2_2023_06_12,점전하,
p2_2023_06_13,"뉴턴운동법칙,일과에너지",
p2_2023_06_14,등속직선운동,
p2_2023_06_15,"저항과회로,자기장,전자기유도",
p2_2023_06_16,"자기장,직선전류",
p2_2023_06_17,"포물선운동,빗면",
p2_2023_06_18,"등속직선운동,포물선운동,마찰력,일과에너지,저항과회로",
p2_2023_06_19,,
p2_2023_06_20,등가속도운동,
p2_2023_11_01,"저항과회로,자기장,전자기파,파동의성질",
p2_2023_11_02,원자모형,
p2_2023_11_03,"간섭,파동의성질",
p2_2023_11_04,,
p2_2023_11_05,"저항과회로,점전하",
p2_2023_11_06,"저항과회로,광전효과",
p2_2023_11_07,"등속직선운동,등가속도운동",
p2_2023_11_08,저항과회로,
p2_2023_11_09,"저항과회로,반도체",
p2_2023_11_10,,
p2_2023_11_11,,
p2_2023_11_12,등가속도운동,
p2_2023_11_13,"자유낙하,마찰력,저항과회로",
p2_2023_11_14,점전하,
p2_2023_11_15,실연결물체,
p2_2023_11_16,행성운동,
p2_2023_11_17,"저항과회로,자기장,전자기유도",
p2_2023_11_18,"자기장,직선전류",
p2_2023_11_19,"등속직선운동,등가속도운동,포물선운동,마찰력,빗면",
p2_2023_11_20,"등속직선운동,포물선운동,실연결물체",
p2_2024_06_01,,
p2_2024_06_03,일과에너지,
p2_2024_06_04,행성운동,
p2_2024_06_05,"저항과회로,자기장,솔레노이드",
p2_2024_06_06,저항과회로,
p2_2024_06_07,저항과회로,
p2_2024_06_08,저항과회로,
p2_2024_06_09,"저항과회로,점전하",
p2_2024_06_10,뉴턴운동법칙,
p2_2024_06_11,"포물선운동,실연결물체,일과에너지",
p2_2024_06_12,등가속도운동,
p2_2024_06_13,"등가속도운동,점전하",
p2_2024_06_14,"등가속도운동,자유낙하,마찰력,일과에너지,역학적에너지보존",
p2_2024_06_15,"저항과회로,에너지준위",
p2_2024_06_16,마찰력,
p2_2024_06_17,등속직선운동,
p2_2024_06_18,포물선운동,
p2_2024_06_19,"등속직선운동,저항과회로,자기장",
p2_2024_06_20,"등가속도운동,포물선운동,마찰력,일과에너지",
p2_2024_09_02,등가속도운동,
p2_2024_09_03,"포물선운동,일과에너지",
p2_2024_09_04,행성운동,
p2_2024_09_05,,
p2_2024_09_06,,
p2_2024_09_07,저항과회로,
p2_2024_09_08,"저항과회로,반도체",
p2_2024_09_09,"일과에너지,광전효과,물질파,파동의성질",
p2_2024_09_10,"간섭,파동의성질",
p2_2024_09_11,저항과회로,
p2_2024_09_12,"마찰력,빗면,저항과회로",
p2_2024_09_13,"저항과회로,점전하",
p2_2024_09_14,실연결물체,
p2_2024_09_15,"등속직선운동,등가속도운동",
p2_2024_09_16,"자기장,직선전류",
p2_2024_09_17,"등속직선운동,등가속도운동",
p2_2024_09_18,"자기장,전자기유도",
p2_2024_09_19,점전하,
p2_2024_09_20,"등가속도운동,자유낙하,포물선운동,마찰력,빗면",
p2_2024_11_02,원자모형,
p2_2024_11_03,"간섭,파동의성질",
p2_2024_11_04,"전자기유도,다이오드,전자기파,에너지준위",
p2_2024_11_05,,
p2_2024_11_06,"저항과회로,점전하",
p2_2024_11_07,"포물선운동,마찰력",
p2_2024_11_08,,
p2_2024_11_09,등속직선운동,
p2_2024_11_10,,
p2_2024_11_11,"일과에너지,저항과회로,광전효과,물질파,파동의성질",
p2_2024_11_12,"마찰력,빗면,일과에너지,역학적에너지보존,저항과회로",
p2_2024_11_13,포물선운동,
p2_2024_11_14,"자기장,직선전류,원형전류",
p2_2024_11_15,"일과에너지,행성운동",
p2_2024_11_16,저항과회로,
p2_2024_11_17,"등속직선운동,저항과회로,자기장",
p2_2024_11_18,점전하,
p2_2024_11_19,,
p2_2024_11_20,등가속도운동,
p2_2025_06_01,,
p2_2025_06_02,,
p2_2025_06_03,포물선운동,
p2_2025_06_04,"등속직선운동,등가속도운동,포물선운동,전자기유도",
p2_2025_06_05,저항과회로,
p2_2025_06_06,행성운동,
p2_2025_06_07,,
p2_2025_06_08,"실연결물체,역학적에너지보존",
p2_2025_06_09,일과에너지,
p2_2025_06_10,,
p2_2025_06_11,"등가속도운동,빗면",
p2_2025_06_12,저항과회로,
p2_2025_06_13,"저항과회로,반도체",
p2_2025_06_14,"자기장,직선전류",
p2_2025_06_15,"저항과회로,점전하",
p2_2025_06_16,"자유낙하,마찰력,저항과회로",
p2_2025_06_17,"등가속도운동,마찰력,빗면,실연결물체,일과에너지",
p2_2025_06_18,점전하,
p2_2025_06_19,,
p2_2025_06_20,"저항과회로,자기장,전자기유도",
p2_2025_09_02,간섭,
p2_2025_09_03,원자모형,
p2_2025_09_05,"실연결물체,일과에너지,역학적에너지보존",
p2_2025_09_06,"등속직선운동,마찰력,실연결물체,일과에너지",
p2_2025_09_07,"등가속도운동,자유낙하,뉴턴운동법칙,마찰력,실연결물체",
p2_2025_09_08,행성운동,
p2_2025_09_09,,
p2_2025_09_10,저항과회로,
p2_2025_09_11,"저항과회로,반도체",
p2_2025_09_12,,
p2_2025_09_13,저항과회로,
p2_2025_09_14,"저항과회로,점전하",
p2_2025_09_15,마찰력,
p2_2025_09_16,"등가속도운동,마찰력,빗면,저항과회로",
p2_2025_09_17,"자기장,직선전류,원형전류",
p2_2025_09_18,"저항과회로,자기장,전자기유도",
p2_2025_09_19,"전기력,점전하",
p2_2025_09_20,등가속도운동,
p2_2025_11_01,원자모형,
p2_2025_11_02,"저항과회로,전자기유도,전자기파,광전효과",
p2_2025_11_03,,
p2_2025_11_04,간섭,
p2_2025_11_05,"자유낙하,실연결물체,일과에너지",
p2_2025_11_06,저항과회로,
p2_2025_11_07,,
p2_2025_11_08,"저항과회로,반도체",
p2_2025_11_09,행성운동,
p2_2025_11_10,등속직선운동,
p2_2025_11_11,"자기장,직선전류",
p2_2025_11_12,,
p2_2025_11_13,"일과에너지,저항과회로,광전효과,물질파,파동의성질",
p2_2025_11_14,"등가속도운동,포물선운동,마찰력",
p2_2025_11_15,저항과회로,
p2_2025_11_16,,
p2_2025_11_17,자기장,
p2_2025_11_18,"포물선운동,마찰력,일과에너지",
p2_2025_11_19,"전기력,점전하",
p2_2025_11_20,등가속도운동,
p2_2026_06_02,등속직선운동,
p2_2026_06_03,등가속도운동,
p2_2026_06_04,저항과회로,
p2_2026_06_05,"일과에너지,행성운동",
p2_2026_06_06,"마찰력,빗면",
p2_2026_06_07,,
p2_2026_06_08,"자유낙하,실연결물체",
p2_2026_06_09,,
p2_2026_06_10,등가속도운동,
p2_2026_06_11,"저항과회로,점전하",
p2_2026_06_12,자기장,
p2_2026_06_13,저항과회로,
p2_2026_06_14,"자기장,직선전류",
p2_2026_06_15,실연결물체,
p2_2026_06_16,등가속도운동,
p2_2026_06_17,자기장,
p2_2026_06_18,"등속직선운동,포물선운동,마찰력,빗면",
p2_2026_06_19,포물선운동,
p2_2026_06_20,점전하,
p2_2026_09_02,"등속직선운동,파동의성질",
p2_2026_09_03,행성운동,
p2_2026_09_04,"간섭,빛의이중성",
p2_2026_09_05,"저항과회로,자기장",
p2_2026_09_06,"저항과회로,반도체",
p2_2026_09_07,저항과회로,
p2_2026_09_08,등속직선운동,
p2_2026_09_09,실연결물체,
p2_2026_09_10,"등속직선운동,마찰력,실연결물체",
p2_2026_09_11,"일과에너지,광전효과,물질파,파동의성질",
p2_2026_09_12,,
p2_2026_09_13,"등가속도운동,자유낙하,마찰력,빗면,실연결물체",
p2_2026_09_14,등가속도운동,
p2_2026_09_15,"자기장,직선전류,원형전류",
p2_2026_09_16,"저항과회로,점전하",
p2_2026_09_17,"등가속도운동,뉴턴운동법칙",
p2_2026_09_18,저항과회로,
p2_2026_09_19,점전하,
p2_2026_09_20,저항과회로,
p2_2026_11_01,,
p2_2026_11_02,"운동량보존,원자모형",
p2_2026_11_03,등속직선운동,
p2_2026_11_04,저항과회로,
p2_2026_11_05,"간섭,파동의성질",
p2_2026_11_06,등속직선운동,
p2_2026_11_07,"저항과회로,점전하",
p2_2026_11_08,"등가속도운동,자유낙하,실연결물체,역학적에너지보존",
p2_2026_11_09,저항과회로,
p2_2026_11_10,자유낙하,
p2_2026_11_11,"일과에너지,저항과회로,광전효과",
p2_2026_11_12,행성운동,
p2_2026_11_13,"전기력,점전하",
p2_2026_11_14,저항과회로,
p2_2026_11_15,"저항과회로,자기장",
p2_2026_11_16,,
p2_2026_11_17,등가속도운동,
p2_2026_11_18,"자기장,직선전류",
p2_2026_11_19,"자유낙하,마찰력,역학적에너지보존,저항과회로",
p2_2026_11_20,포물선운동,
p2_2027_06_01,,
p2_2027_06_02,행성운동,
p2_2027_06_03,,
p2_2027_06_04,등속직선운동,
p2_2027_06_05,,
p2_2027_06_06,"저항과회로,반도체",
p2_2027_06_07,저항과회로,
p2_2027_06_08,실연결물체,
p2_2027_06_09,일과에너지,
p2_2027_06_10,,
p2_2027_06_11,저항과회로,
p2_2027_06_12,"등속직선운동,저항과회로,자기장,전자기유도",
p2_2027_06_13,"등속직선운동,마찰력,빗면,일과에너지,역학적에너지보존",
p2_2027_06_14,"저항과회로,점전하",
p2_2027_06_15,"마찰력,실연결물체",
p2_2027_06_16,등가속도운동,
p2_2027_06_17,"자기장,직선전류,원형전류",
p2_2027_06_18,"등가속도운동,포물선운동,마찰력,빗면",
p2_2027_06_19,점전하,
p2_2027_06_20,"자유낙하,포물선운동,마찰력,일과에너지",
